location_id,latitude,longitude,city,country
16182332,41.908989,-87.638184,Chicago,us
17595642,41.975826,-87.699097,Chicago,US
667612,41.947105,-87.66162,Chicago,us
186752,41.900002,-87.669998,Chicago,us
200270,41.905666,-87.630135,Chicago,us
102074,41.995613,-87.660534,Chicago,us
667927,41.8518,-87.63198,Chicago,us
667584,41.956375,-87.6933,Chicago,us
938155,41.868125,-87.620547,Chicago,us
710116,41.954396,-87.748982,Chicago,us
385149,41.985752,-87.72831,Chicago,us
403965,41.899998,-87.62405,Chicago,us
505757,41.893223,-87.6312,Chicago,us
871964,41.875538,-87.627545,Chicago,us
577631,41.853378,-87.633255,Chicago,us
554311,41.94709,-87.66401,Chicago,us
611737,41.88445,-87.62988,Chicago,us
391715,41.950726,-87.66411,Chicago,us
667923,41.893124,-87.639305,Chicago,us
250527,41.944443,-87.66393,Chicago,us
752454,41.989216,-87.660615,Chicago,us
766443,41.917889,-87.683205,Chicago,us
667729,41.94197,-87.72714,Chicago,us
757284,41.908682,-87.649078,Chicago,us
251599,41.948227,-87.65434,Chicago,us
310260,41.97698,-87.68912,Chicago,us
788367,41.87896,-87.677351,Chicago,us
667640,41.879528,-87.625069,Chicago,us
841815,41.964242,-87.685352,Chicago,us
787482,41.8907,-87.624254,Chicago,us
667826,41.919308,-87.66114,Chicago,us
879477,41.968014,-87.689308,Chicago,us
957017,41.885785,-87.66033,Chicago,us
833677,41.944605,-87.705549,Chicago,us
312093,41.875919,-87.620598,Chicago,us
727412,41.965523,-87.660581,Chicago,us
837800,41.935305,-87.662535,Chicago,us
1027268,41.982727,-87.660065,Chicago,us
667605,41.93382,-87.66047,Chicago,us
195916,41.891026,-87.618912,Chicago,us
667644,41.884914,-87.62793,Chicago,us
667630,41.925117,-87.66658,Chicago,us
667676,41.85371,-87.634094,Chicago,us
202725,41.954661,-87.654844,Chicago,us
708403,41.916619,-87.686634,Chicago,us
931709,41.976514,-87.668786,Chicago,us
1270595,41.965783,-87.646287,Chicago,us
1292804,41.969058,-87.659661,Chicago,us
1320518,41.975897,-87.668561,Chicago,us
843188,41.927906,-87.705089,Chicago,us
1197584,41.953636,-87.728688,Chicago,us
1332693,41.979445,-87.667929,Chicago,us
1161148,41.97315,-87.691342,Chicago,us
680981,41.949668,-87.663609,Chicago,us
1323950,41.922116,-87.697668,Chicago,us
1472446,41.891767,-87.624208,Chicago,us
1087034,41.907035,-87.66349,Chicago,us
667694,41.938114,-87.65403,Chicago,us
1601416,41.797523,-87.736771,Chicago,us
3616212,41.938652,-87.644249,Chicago,us
2467511,41.962025,-87.645561,Chicago,us
180759,41.933628,-87.645515,Chicago,us
1471977,41.968077,-87.693757,Chicago,us
1459292,41.886589,-87.655864,Chicago,us
667619,41.946445,-87.65591,Chicago,us
4693172,41.894146,-87.623473,Chicago,us
449011,41.877907,-87.649605,Chicago,us
4786942,41.911106,-87.662445,Chicago,us
5036332,41.990368,-87.660103,Chicago,us
1521693,41.983288,-87.66008,Chicago,us
4542272,41.922775,-87.687401,Chicago,us
1270826,41.882689,-87.625733,Chicago,us
3855382,41.894146,-87.623474,Chicago,us
1493847,41.968056,-87.689079,Chicago,us
3235882,41.979847,-87.667641,Chicago,us
5772722,41.973415,-87.691925,Chicago,us
350829,41.938503,-87.64433,Chicago,us
5598512,41.882164,-87.624504,Chicago,us
15421462,41.85815,-87.624245,Chicago,us
1282818,42.007931,-87.665035,Chicago,us
962332,41.963525,-87.685254,Chicago,us
862449,41.8925,-87.625884,Chicago,us
8111322,41.956863,-87.653282,Chicago,us
769515,41.88446,-87.624361,Chicago,us
279780,41.889999,-87.629997,Chicago,us
9561022,41.967388,-87.76075,Chicago,us
459280,41.89101,-87.61916,Chicago,us
9813772,41.934826,-87.653816,Chicago,us
7647552,41.932686,-87.645821,Chicago,us
1335513,41.969958,-87.659546,Chicago,us
11038132,41.884602,-87.628357,Chicago,us
10394762,41.883282,-87.651817,Chicago,us
9079382,41.889088,-87.672836,Chicago,us
1325780,41.88412,-87.641228,Chicago,us
11234902,41.916019,-87.688507,Chicago,us
11267592,41.890923,-87.631744,Chicago,us
9084422,41.879456,-87.628281,Chicago,us
11347312,41.952942,-87.661415,Chicago,us
11689222,41.894215,-87.628342,Chicago,us
924837,41.954564,-87.669708,Chicago,us
1051515,41.946439,-87.655546,Chicago,us
6157032,41.853367,-87.634796,Chicago,us
5616352,41.895218,-87.631584,Chicago,us
1235383,41.928942,-87.642617,Chicago,us
11567182,41.87904,-87.637337,Chicago,us
11824012,41.952942,-87.661415,Chicago,us
10882752,41.932053,-87.701729,Chicago,us
8139722,41.889423,-87.653763,Chicago,us
12263672,41.938835,-87.754944,Chicago,us
12502472,41.965816,-87.646286,Chicago,us
12296372,41.938835,-87.754944,Chicago,us
11407742,41.932686,-87.645821,Chicago,us
5083372,41.854092,-87.61274,Chicago,us
10528052,41.985172,-87.78688,Chicago,us
261033,41.934746,-87.653915,Chicago,us
15115412,41.982792,-87.710709,Chicago,us
12744962,41.898151,-87.627174,Chicago,us
4937462,41.851963,-87.632111,Chicago,us
776907,41.965402,-87.743835,Chicago,us
7807082,41.906448,-87.671822,Chicago,us
785152,41.929656,-87.707103,Chicago,us
11758912,41.889214,-87.630272,Chicago,us
18223982,41.890347,-87.623329,Chicago,us
16716492,41.876217,-87.628273,Chicago,us
12125792,41.924038,-87.646904,Chicago,us
326266,41.933708,-87.645599,Chicago,us
188032,41.89101,-87.61916,Chicago,us
667556,41.954433,-87.678955,Chicago,us
667943,41.952198,-87.677574,Chicago,us
93989,41.949863,-87.663948,Chicago,us
589406,41.952007,-87.676865,Chicago,us
405601,41.92967,-87.70836,Chicago,us
483225,41.88499,-87.62792,Chicago,us
667637,41.892544,-87.624275,Chicago,us
493626,41.91121,-87.63168,Chicago,us
705756,41.880899,-87.617216,Chicago,us
388896,41.904068,-87.62869,Chicago,us
827228,41.89319,-87.633429,Chicago,us
788102,41.90118,-87.631365,Chicago,us
798076,41.884827,-87.629871,Chicago,us
667554,41.883305,-87.624955,Chicago,us
691475,41.930153,-87.688011,Chicago,us
606536,41.947388,-87.678894,Chicago,us
915913,41.965335,-87.686655,Chicago,us
732350,41.883209,-87.624504,Chicago,us
667646,41.918797,-87.646675,Chicago,us
982342,41.909473,-87.652962,Chicago,us
1014853,41.957913,-87.652674,Chicago,us
667798,41.90336,-87.66638,Chicago,us
1204132,41.946361,-87.655393,Chicago,us
928333,41.923259,-87.645252,Chicago,us
1146538,41.775004,-87.569161,Chicago,us
1361493,41.945307,-87.67429,Chicago,us
750078,41.894177,-87.637693,Chicago,us
935506,41.926253,-87.649849,Chicago,us
1178144,41.939472,-87.65399,Chicago,us
931719,41.916306,-87.67009,Chicago,us
943162,41.792423,-87.580326,Chicago,us
780649,41.897167,-87.621284,Chicago,us
622939,41.993896,-87.669983,Chicago,us
1211029,41.870545,-87.627095,Chicago,us
667657,41.925465,-87.64758,Chicago,us
1477588,41.917808,-87.64969,Chicago,us
1441054,41.882141,-87.629356,Chicago,us
1008125,41.927564,-87.652213,Chicago,us
1642181,42.019279,-87.684418,Chicago,us
717147,42.019351,-87.66683,Chicago,us
1270603,41.939573,-87.660246,Chicago,us
3101301,41.900021,-87.66153,Chicago,us
1456470,41.896151,-87.655591,Chicago,us
1485161,41.926383,-87.649808,Chicago,us
4037932,41.909157,-87.652733,Chicago,us
1394673,41.888098,-87.629431,Chicago,us
1101423,41.87746,-87.64724,Chicago,us
190552,41.997692,-87.692665,Chicago,us
1491444,41.926804,-87.634323,Chicago,us
1553364,41.997631,-87.760956,Chicago,us
725584,41.931583,-87.683356,Chicago,us
5966582,42.011177,-87.665863,Chicago,us
6102352,41.816414,-87.632355,Chicago,us
3895402,41.901169,-87.630081,Chicago,us
1022744,41.856842,-87.634766,Chicago,us
1005519,41.991175,-87.708593,Chicago,us
963519,41.95014,-87.713539,Chicago,us
591166,41.909817,-87.67701,Chicago,us
6282392,41.956215,-87.722885,Chicago,us
3612682,41.933628,-87.645515,Chicago,us
403619,41.878292,-87.65701,Chicago,us
247671,41.876659,-87.629517,Chicago,us
9266702,41.947353,-87.663712,Chicago,us
4092282,41.911275,-87.712879,Chicago,us
3007071,41.932694,-87.645905,Chicago,us
7577412,41.947025,-87.654121,Chicago,us
6416292,41.924969,-87.70369,Chicago,us
9695442,41.896626,-87.617401,Chicago,us
235560,41.758198,-87.61978,Chicago,us
10719742,41.945251,-87.663361,Chicago,us
10808712,41.873684,-87.625603,Chicago,us
106181,41.997402,-87.693985,Chicago,us
11083842,41.951988,-87.677116,Chicago,us
5029412,41.932209,-87.644875,Chicago,us
11441262,41.936874,-87.664932,Chicago,us
1544821,41.945309,-87.674294,Chicago,us
11710222,41.880829,-87.623268,Chicago,us
814449,41.9419,-87.670573,Chicago,us
10964092,41.881271,-87.647362,Chicago,us
567579,41.97722,-87.66837,Chicago,us
12275832,41.965221,-87.686165,Chicago,us
11704332,41.994247,-87.669708,Chicago,us
4418772,41.892765,-87.624474,Chicago,us
9137702,41.966824,-87.759697,Chicago,us
12799652,41.997586,-87.715265,Chicago,us
363463,41.94027,-87.64926,Chicago,us
1574028,41.939564,-87.659782,Chicago,us
2354811,41.873264,-87.617462,Chicago,us
12108972,41.906898,-87.671722,Chicago,us
11932772,41.925465,-87.658081,Chicago,us
12218912,41.890102,-87.631607,Chicago,us
1088569,41.925995,-87.64955,Chicago,us
16276832,41.910385,-87.681648,Chicago,us
5709702,41.978088,-87.668877,Chicago,us
7836552,41.93206,-87.65992,Chicago,us
15603852,41.878113,-87.629799,Chicago,us
624235,41.908787,-87.674446,Chicago,us
154414,41.925117,-87.67021,Chicago,us
701123,41.940387,-87.653824,Chicago,us
729568,41.995052,-87.677518,Chicago,us
697098,41.881676,-87.647468,Chicago,us
775326,41.886321,-87.666918,Chicago,us
946410,41.880858,-87.620768,Chicago,us
839937,41.787715,-87.595805,Chicago,us
667528,41.89004,-87.62906,Chicago,us
1111222,41.939804,-87.680947,Chicago,us
417534,41.89658,-87.634865,Chicago,us
753293,41.896091,-87.631599,Chicago,us
721507,41.876289,-87.62764,Chicago,us
667698,41.880668,-87.624241,Chicago,us
1244996,41.97197,-87.679245,Chicago,us
1255413,41.984368,-87.668956,Chicago,us
667656,41.910103,-87.65242,Chicago,us
780941,41.932892,-87.640079,Chicago,us
1041428,41.909606,-87.653173,Chicago,us
667837,41.913727,-87.653725,Chicago,us
378476,41.895622,-87.634155,Chicago,us
1382496,41.85704,-87.646591,Chicago,us
1492647,41.939995,-87.650352,Chicago,us
1280736,41.943214,-87.649691,Chicago,us
1516059,41.939327,-87.676109,Chicago,us
1538483,41.91309,-87.654556,Chicago,us
1446513,41.882836,-87.624241,Chicago,us
2817241,41.928032,-87.705635,Chicago,us
667604,41.940987,-87.65412,Chicago,us
347072,41.951065,-87.659775,Chicago,us
3763652,41.925678,-87.647919,Chicago,us
441984,41.966938,-87.67915,Chicago,us
848914,41.925426,-87.641754,Chicago,us
4406912,41.939812,-87.65506,Chicago,us
5217502,41.911057,-87.63179,Chicago,us
5162952,41.929695,-87.642921,Chicago,us
5996602,41.893288,-87.635368,Chicago,us
7530122,42.019379,-87.666893,Chicago,us
1077386,41.973535,-87.691682,Chicago,us
4777532,41.884449,-87.658173,Chicago,us
6417742,41.918266,-87.685265,Chicago,us
1643041,41.853985,-87.627068,Chicago,us
4704992,41.884098,-87.655128,Chicago,us
734692,41.885735,-87.630961,Chicago,us
909511,41.879535,-87.624333,Chicago,us
11649892,41.927818,-87.663742,Chicago,us
5816432,41.967033,-87.687119,Chicago,us
12173472,41.883232,-87.661713,Chicago,us
12517602,41.883232,-87.661713,Chicago,us
4117172,41.885334,-87.661774,Chicago,us
13895282,41.88311,-87.621841,Chicago,us
14698422,41.928753,-87.642349,Chicago,us
6309332,41.953075,-87.777206,Chicago,us
15542332,41.925892,-87.641129,Chicago,us
16280392,41.908119,-87.652405,Chicago,us
10772932,41.927032,-87.70726,Chicago,us
667752,41.96738,-87.68777,Chicago,us
4865042,41.896782,-87.621727,Chicago,us
1126348,41.948527,-87.64954,Chicago,us
1627037,41.946297,-87.735619,Chicago,us
18769842,41.931992,-87.644798,Chicago,us
18806772,41.94046,-87.65377,Chicago,us
682986,41.867565,-87.618599,Chicago,us
727003,41.792785,-87.606769,Chicago,us
762291,41.923331,-87.639398,Chicago,us
667788,41.98109,-87.715996,Chicago,us
812579,41.918649,-87.687097,Chicago,us
667750,41.884457,-87.633911,Chicago,us
810309,41.891855,-87.631455,Chicago,us
2605291,41.893559,-87.640068,Chicago,us
2950271,41.878113,-87.629799,Chicago,us
1558674,41.936626,-87.664589,Chicago,us
1615050,41.877377,-87.647331,Chicago,us
3749412,41.90131,-87.663429,Chicago,us
5012472,41.866802,-87.626266,Chicago,us
727528,41.994545,-87.65712,Chicago,us
3335992,41.884171,-87.651413,Chicago,us
667880,41.879433,-87.628265,Chicago,us
2504581,41.940853,-87.669647,Chicago,us
4307762,41.878113,-87.629799,Chicago,us
326492,41.880001,-87.650002,Chicago,us
4979862,41.896137,-87.634354,Chicago,us
9838152,41.891766,-87.624207,Chicago,us
7954712,41.902996,-87.679085,Chicago,us
5069962,41.894218,-87.635506,Chicago,us
10732032,41.883636,-87.630234,Chicago,us
1326299,41.896023,-87.630916,Chicago,us
12024652,41.970688,-87.690063,Chicago,us
1623263,41.90992,-87.652077,Chicago,us
10586042,41.785885,-87.603241,Chicago,us
7317722,41.980042,-87.846321,Chicago,us
16046562,41.878113,-87.629799,Chicago,us
187824,41.385059,-87.433357,Chicago,us
130174,41.895782,-87.63278,Chicago,us
667600,41.929108,-87.687065,Chicago,us
368671,41.900002,-87.669998,Chicago,us
398406,41.962364,-87.684494,Chicago,us
667915,41.93916,-87.65406,Chicago,us
842582,41.840966,-87.685348,Chicago,us
667684,41.986244,-87.72844,Chicago,us
687126,41.988967,-87.665098,Chicago,us
720154,41.925591,-87.658112,Chicago,us
757792,41.8914,-87.646996,Chicago,us
667671,41.88812,-87.62955,Chicago,us
667660,42.009155,-87.666222,Chicago,us
822459,41.878731,-87.654941,Chicago,us
876936,41.921986,-87.652969,Chicago,us
888756,41.994098,-87.784243,Chicago,us
980190,41.977072,-87.679171,Chicago,us
725204,41.967871,-87.644359,Chicago,us
710447,41.888175,-87.629546,Chicago,us
252048,41.8933,-87.628105,Chicago,us
1031434,41.887519,-87.716109,Chicago,us
1150450,41.905665,-87.630137,Chicago,us
667889,41.91925,-87.64854,Chicago,us
696043,41.907607,-87.677358,Chicago,us
696012,41.913597,-87.625664,Chicago,us
667632,41.895782,-87.63278,Chicago,us
1132806,41.948527,-87.64954,Chicago,us
1265692,41.909526,-87.653073,Chicago,us
724220,41.893646,-87.629128,Chicago,us
701300,41.887064,-87.674638,Chicago,us
1420923,41.918395,-87.645956,Chicago,us
1506236,41.894154,-87.652618,Chicago,us
1561138,41.876232,-87.628273,Chicago,us
258651,41.89106,-87.619034,Chicago,us
291943,41.96434,-87.637253,Chicago,us
1700701,41.900486,-87.619354,Chicago,us
729217,41.894763,-87.653998,Chicago,us
273722,41.89106,-87.617065,Chicago,us
1268368,41.896395,-87.664135,Chicago,us
2199541,41.908218,-87.677361,Chicago,us
1307606,41.888461,-87.628841,Chicago,us
1075638,41.878419,-87.634102,Chicago,us
1355579,41.917568,-87.691221,Chicago,us
3801662,41.89576,-87.701378,Chicago,us
1494465,41.928509,-87.686768,Chicago,us
220612,41.884834,-87.627983,Chicago,us
1517332,41.887169,-87.647667,Chicago,us
1171805,41.987507,-87.660194,Chicago,us
817849,41.944697,-87.654862,Chicago,us
720253,41.949022,-87.688809,Chicago,us
4232012,41.895649,-87.62011,Chicago,us
6042702,41.895649,-87.62011,Chicago,us
6476422,41.88493,-87.621994,Chicago,us
5866712,41.830406,-87.652397,Chicago,us
304249,41.985516,-87.722748,Chicago,us
1290091,41.940549,-87.639863,Chicago,us
6418722,41.844223,-87.685598,Chicago,us
5591852,41.876587,-87.624542,Chicago,us
8098552,41.902985,-87.670929,Chicago,us
9121852,41.883575,-87.627884,Chicago,us
7934052,41.88908,-87.631653,Chicago,us
937748,41.925055,-87.703398,Chicago,us
1533145,41.890148,-87.631599,Chicago,us
10394472,41.901962,-87.667801,Chicago,us
10619482,41.893131,-87.630592,Chicago,us
1375224,41.926398,-87.650125,Chicago,us
8406122,41.934135,-87.663605,Chicago,us
10794002,41.895645,-87.62011,Chicago,us
3040241,41.932877,-87.64576,Chicago,us
10499712,41.878113,-87.629799,Chicago,us
11445462,41.931091,-87.648979,Chicago,us
8471102,41.923019,-87.645195,Chicago,us
11348572,41.92321,-87.645607,Chicago,us
11222172,41.945091,-87.654976,Chicago,us
10172582,41.889915,-87.637566,Chicago,us
11439482,41.878983,-87.642105,Chicago,us
1789871,41.838078,-87.651047,Chicago,us
10794142,41.880459,-87.634743,Chicago,us
11304672,41.913548,-87.667526,Chicago,us
5804392,41.893707,-87.637741,Chicago,us
11581172,41.848911,-87.631668,Chicago,us
11799712,41.878113,-87.629799,Chicago,us
12061702,41.934826,-87.653816,Chicago,us
499204,41.867107,-87.64554,Chicago,us
4194052,41.784065,-87.590591,Chicago,us
5796362,41.933472,-87.632141,Chicago,us
667834,41.96754,-87.76151,Chicago,us
12401702,41.947647,-87.731094,Chicago,us
12390162,41.851337,-87.657898,Chicago,us
12442102,41.878113,-87.629799,Chicago,us
12318232,41.912304,-87.68036,Chicago,us
11485152,41.883667,-87.625046,Chicago,us
8694382,41.906956,-87.671623,Chicago,us
4265772,41.938618,-87.667389,Chicago,us
10271712,41.942806,-87.652885,Chicago,us
12666032,41.948578,-87.688538,Chicago,us
12194672,41.883884,-87.648621,Chicago,us
12461452,41.878113,-87.629799,Chicago,us
11700552,41.886456,-87.653168,Chicago,us
12330962,41.878113,-87.629799,Chicago,us
10675902,41.917351,-87.710739,Chicago,us
1822731,41.878277,-87.627106,Chicago,us
12915672,41.989853,-87.748322,Chicago,us
10016512,41.894024,-87.637825,Chicago,us
13362682,41.856625,-87.616112,Chicago,us
4321202,41.925462,-87.658094,Chicago,us
8464102,41.911423,-87.634834,Chicago,us
14147362,41.917568,-87.690903,Chicago,us
14393582,41.964687,-87.63559,Chicago,us
256214,41.959999,-87.660004,Chicago,us
927716,41.936399,-87.664535,Chicago,us
11688962,41.933651,-87.653343,Chicago,us
6912862,41.888721,-87.629524,Chicago,us
10874352,41.892487,-87.635498,Chicago,us
16098882,41.885502,-87.626228,Chicago,us
1014208,41.943555,-87.671197,Chicago,us
18518302,41.886456,-87.624123,Chicago,us
12559972,41.890984,-87.681976,Chicago,us
18837872,41.946667,-87.678299,Chicago,us
1549726,41.90712,-87.634422,Chicago,us
265483,41.819752,-87.596397,Chicago,us
187450,41.91732,-87.71219,Chicago,us
214423,41.870789,-87.627899,Chicago,us
222796,41.89008,-87.62721,Chicago,us
351092,41.87577,-87.62436,Chicago,us
667731,41.958103,-87.64979,Chicago,us
443084,41.892994,-87.63028,Chicago,us
1000954,41.897446,-87.624203,Chicago,us
708964,41.910268,-87.677961,Chicago,us
755610,41.888711,-87.628053,Chicago,us
667615,41.879173,-87.6261,Chicago,us
724489,41.782829,-87.576032,Chicago,us
518286,41.961765,-87.65518,Chicago,us
667531,41.88321,-87.630936,Chicago,us
767635,41.961245,-87.683516,Chicago,us
1041704,41.935172,-87.643929,Chicago,us
1091276,41.880473,-87.626052,Chicago,us
1046130,41.885395,-87.633949,Chicago,us
397068,41.879211,-87.637199,Chicago,us
780069,41.885062,-87.661885,Chicago,us
695541,41.838615,-87.607826,Chicago,us
890476,41.898417,-87.624028,Chicago,us
667520,41.865295,-87.625549,Chicago,us
1028172,41.965071,-87.67394,Chicago,us
679566,41.853839,-87.626752,Chicago,us
1195161,41.864792,-87.614118,Chicago,us
1296489,41.954809,-87.688836,Chicago,us
1394740,41.896472,-87.643579,Chicago,us
1267677,41.966871,-87.667092,Chicago,us
1306323,41.959424,-87.682733,Chicago,us
667596,41.8879,-87.63539,Chicago,us
1461093,41.927998,-87.705585,Chicago,us
822007,41.883322,-87.624266,Chicago,us
1551151,41.89639,-87.66441,Chicago,us
841477,41.921607,-87.664365,Chicago,us
399275,41.897167,-87.621284,Chicago,us
997191,41.888031,-87.637356,Chicago,us
667813,41.93954,-87.68078,Chicago,us
1023214,41.96072,-87.683097,Chicago,us
935979,41.896599,-87.634194,Chicago,us
2738411,41.93457,-87.716438,Chicago,us
3815602,41.886726,-87.681152,Chicago,us
667610,41.884857,-87.625374,Chicago,us
4822692,41.975693,-87.7155,Chicago,us
5015862,41.866463,-87.618668,Chicago,us
1223368,41.946543,-87.714365,Chicago,us
6032322,41.954136,-87.681206,Chicago,us
696290,41.792389,-87.580171,Chicago,us
771994,42.009217,-87.666071,Chicago,us
2023591,41.862396,-87.626938,Chicago,us
3875882,41.891266,-87.628082,Chicago,us
1567709,41.866146,-87.619591,Chicago,us
1103590,41.883325,-87.630236,Chicago,us
8433542,41.878239,-87.66433,Chicago,us
9155742,41.878113,-87.629799,Chicago,us
2860441,41.908283,-87.674713,Chicago,us
1026133,41.909732,-87.676058,Chicago,us
9072432,41.947464,-87.678688,Chicago,us
9526902,41.932865,-87.64637,Chicago,us
9743882,41.93985,-87.652184,Chicago,us
753251,41.889183,-87.632519,Chicago,us
10355672,41.892361,-87.637047,Chicago,us
10202452,41.896694,-87.626396,Chicago,us
11106172,41.939468,-87.636787,Chicago,us
1134913,41.908218,-87.677361,Chicago,us
11169042,41.890003,-87.631737,Chicago,us
11171522,41.939468,-87.636787,Chicago,us
8047782,41.975819,-87.66851,Chicago,us
11222292,41.945091,-87.654976,Chicago,us
1523688,41.921921,-87.659218,Chicago,us
12024312,41.915199,-87.677849,Chicago,us
11893262,41.960598,-87.683159,Chicago,us
12444342,41.890259,-87.631943,Chicago,us
12389232,41.900089,-87.627525,Chicago,us
9793652,41.968361,-87.654579,Chicago,us
12793642,41.946896,-87.664017,Chicago,us
12793802,41.911339,-87.677376,Chicago,us
12952162,41.974426,-87.679359,Chicago,us
11566712,41.946743,-87.66436,Chicago,us
12996592,41.885406,-87.617638,Chicago,us
12205122,41.933262,-87.659523,Chicago,us
13193722,41.910271,-87.697029,Chicago,us
5431552,41.908699,-87.652359,Chicago,us
10661022,41.895191,-87.63134,Chicago,us
10121392,41.903561,-87.670517,Chicago,us
1403035,41.930101,-87.707243,Chicago,us
1250352,41.940549,-87.639863,Chicago,us
4282512,41.915474,-87.63456,Chicago,us
10078882,41.942806,-87.652885,Chicago,us
1570366,41.920212,-87.648727,Chicago,us
16044962,41.878113,-87.629799,Chicago,us
12360842,41.907093,-87.672096,Chicago,us
14493142,41.896027,-87.631599,Chicago,us
1071173,41.969423,-87.658009,Chicago,us
6533052,42.001354,-87.689888,Chicago,us
14988892,41.882252,-87.624687,Chicago,us
1060156,41.945163,-87.655227,Chicago,us
4331172,41.939472,-87.653992,Chicago,us
224707,41.924908,-87.666512,Chicago,us
313880,41.884495,-87.64864,Chicago,us
667767,41.877907,-87.649605,Chicago,us
363174,41.967396,-87.669304,Chicago,us
693210,41.911569,-87.677158,Chicago,us
667540,41.946815,-87.649445,Chicago,us
935471,41.875996,-87.625178,Chicago,us
713815,41.816253,-87.726,Chicago,us
385971,41.949818,-87.663963,Chicago,us
777193,41.877697,-87.628746,Chicago,us
711485,41.926057,-87.650036,Chicago,us
667711,41.972228,-87.650612,Chicago,us
1103095,41.902815,-87.638535,Chicago,us
1166667,41.905066,-87.643612,Chicago,us
667853,41.909454,-87.651054,Chicago,us
243480,41.887844,-87.62809,Chicago,us
424568,41.968834,-87.76154,Chicago,us
1286471,41.9159,-87.656444,Chicago,us
704508,41.939944,-87.651796,Chicago,us
1005348,41.853898,-87.625115,Chicago,us
871643,41.891094,-87.61379,Chicago,us
1530390,41.816872,-87.601791,Chicago,us
763121,41.996971,-87.762245,Chicago,us
2973311,41.927959,-87.654083,Chicago,us
1598353,41.909302,-87.677132,Chicago,us
1360012,41.816686,-87.600164,Chicago,us
600337,41.955006,-87.65494,Chicago,us
845416,41.883795,-87.659496,Chicago,us
1380389,41.876262,-87.674218,Chicago,us
4794332,41.943405,-87.671036,Chicago,us
5385862,41.950996,-87.676506,Chicago,us
1107191,41.838868,-87.654186,Chicago,us
965695,41.809292,-87.616539,Chicago,us
6448772,42.007587,-87.66954,Chicago,us
1209457,41.932266,-87.648975,Chicago,us
5974632,41.875645,-87.625389,Chicago,us
5525822,41.893562,-87.654381,Chicago,us
6916722,41.858093,-87.646637,Chicago,us
7256662,41.966423,-87.669281,Chicago,us
7309142,42.007587,-87.66954,Chicago,us
1555146,41.907925,-87.674156,Chicago,us
5881032,41.884888,-87.629478,Chicago,us
1602420,41.909794,-87.676689,Chicago,us
8694512,41.902031,-87.638657,Chicago,us
9506222,41.939606,-87.657173,Chicago,us
4298512,41.885414,-87.617653,Chicago,us
1480853,41.919891,-87.641358,Chicago,us
9710792,41.851822,-87.623306,Chicago,us
3860302,41.845505,-87.627113,Chicago,us
4194582,42.007851,-87.669121,Chicago,us
1073687,41.910994,-87.640628,Chicago,us
10799752,41.867462,-87.631638,Chicago,us
864989,41.872161,-87.628303,Chicago,us
5152322,41.891083,-87.667404,Chicago,us
667781,41.940224,-87.6541,Chicago,us
10732882,41.899818,-87.660965,Chicago,us
8015582,41.890015,-87.631721,Chicago,us
5045442,41.897167,-87.621284,Chicago,us
11321562,41.86668,-87.709373,Chicago,us
11129132,41.849895,-87.623589,Chicago,us
11069112,41.878113,-87.629799,Chicago,us
7339902,41.803497,-87.590088,Chicago,us
3466882,41.859566,-87.724861,Chicago,us
10810232,41.830925,-87.635086,Chicago,us
3339632,41.896255,-87.655167,Chicago,us
10880432,41.91785,-87.678238,Chicago,us
888228,41.871609,-87.647435,Chicago,us
10846442,41.809978,-87.616318,Chicago,us
10747032,41.893585,-87.63414,Chicago,us
911226,41.968444,-87.655224,Chicago,us
9752432,42.017876,-87.675697,Chicago,us
10816592,41.893909,-87.637825,Chicago,us
8558982,41.883812,-87.662903,Chicago,us
11824022,41.847534,-87.69133,Chicago,us
8467942,41.93972,-87.65036,Chicago,us
12027822,41.973232,-87.667946,Chicago,us
232435,41.872246,-87.629303,Chicago,us
11747102,41.86668,-87.709373,Chicago,us
1256234,41.886793,-87.634687,Chicago,us
2983851,42.008938,-87.661942,Chicago,us
12884742,41.876438,-87.626205,Chicago,us
13839962,41.878113,-87.629799,Chicago,us
7883942,41.964397,-87.685799,Chicago,us
14526172,41.794407,-87.619202,Chicago,us
16197352,41.922585,-87.645325,Chicago,us
9557672,41.908707,-87.674889,Chicago,us
4654192,41.884514,-87.654861,Chicago,us
667629,41.88463,-87.66412,Chicago,us
667790,41.939217,-87.66379,Chicago,us
537149,41.946815,-87.649445,Chicago,us
720996,41.949802,-87.658899,Chicago,us
824565,41.893915,-87.64288,Chicago,us
667683,41.924923,-87.68757,Chicago,us
756728,41.87859,-87.639595,Chicago,us
863198,41.897571,-87.624041,Chicago,us
846532,41.969621,-87.660387,Chicago,us
576212,42.00517,-87.68175,Chicago,us
1001882,41.889809,-87.628411,Chicago,us
809746,41.852699,-87.63192,Chicago,us
922404,41.9382,-87.65382,Chicago,us
1528611,41.947155,-87.659966,Chicago,us
3221362,41.842339,-87.712334,Chicago,us
2628401,41.889408,-87.628944,Chicago,us
3895772,41.946892,-87.656456,Chicago,us
4849702,41.969208,-87.659874,Chicago,us
5432892,41.890308,-87.628952,Chicago,us
5228152,41.93206,-87.659935,Chicago,us
6578982,41.885754,-87.657005,Chicago,us
7125212,41.894093,-87.636368,Chicago,us
7350432,41.905666,-87.630135,Chicago,us
667723,41.94182,-87.67014,Chicago,us
1230949,41.969066,-87.658835,Chicago,us
10534262,41.878113,-87.629799,Chicago,us
10409892,41.889923,-87.626534,Chicago,us
10569982,41.938251,-87.653969,Chicago,us
6218472,41.938011,-87.6465,Chicago,us
10062412,41.884476,-87.656975,Chicago,us
12485302,41.910393,-87.678116,Chicago,us
12835822,41.904819,-87.677437,Chicago,us
913425,41.910694,-87.677121,Chicago,us
12298922,41.786537,-87.58263,Chicago,us
7388682,41.924355,-87.713165,Chicago,us
2302531,41.882153,-87.639954,Chicago,us
16046512,41.878113,-87.629799,Chicago,us
17170232,41.942398,-87.703041,Chicago,us
277661,41.899858,-87.644888,Chicago,us
559670,41.897499,-87.629082,Chicago,us
692804,41.885271,-87.631643,Chicago,us
315253,42.020718,-87.672943,Chicago,us
1421842,41.997047,-87.670868,Chicago,us
667849,41.932156,-87.644714,Chicago,us
874675,41.890091,-87.621953,Chicago,us
1111215,41.926679,-87.641359,Chicago,us
1211273,41.894888,-87.624654,Chicago,us
1039193,41.895742,-87.675997,Chicago,us
1352101,41.90377,-87.662598,Chicago,us
1356536,41.965309,-87.663568,Chicago,us
1132714,41.910029,-87.676923,Chicago,us
1421875,41.968819,-87.682426,Chicago,us
1539025,41.905666,-87.630135,Chicago,us
1918901,41.895508,-87.683868,Chicago,us
1317643,41.885735,-87.630961,Chicago,us
1954151,41.907063,-87.672043,Chicago,us
3523902,41.903633,-87.625214,Chicago,us
4712402,41.950413,-87.67852,Chicago,us
5163692,41.89106,-87.619034,Chicago,us
5620462,41.926617,-87.641418,Chicago,us
5315562,41.962406,-87.688911,Chicago,us
359976,41.96125,-87.69731,Chicago,us
6513032,41.976547,-87.75428,Chicago,us
6395792,41.95381,-87.726685,Chicago,us
6146412,41.88821,-87.635361,Chicago,us
8229772,41.983723,-87.660233,Chicago,us
837158,41.949964,-87.664368,Chicago,us
3047121,41.883945,-87.624046,Chicago,us
6278752,41.932121,-87.659935,Chicago,us
8479502,41.953289,-87.753227,Chicago,us
8345882,41.878113,-87.629799,Chicago,us
9246272,41.932121,-87.65992,Chicago,us
4908232,41.94664,-87.714836,Chicago,us
261759,41.937115,-87.65885,Chicago,us
8047162,41.94231,-87.644455,Chicago,us
10585662,41.897285,-87.63736,Chicago,us
10986902,41.907867,-87.634399,Chicago,us
11407172,41.878113,-87.629799,Chicago,us
10807362,42.019367,-87.671852,Chicago,us
11373272,41.899406,-87.696602,Chicago,us
1123484,41.879211,-87.637199,Chicago,us
12482582,41.967987,-87.684174,Chicago,us
10930442,41.870697,-87.673889,Chicago,us
12884212,41.910702,-87.645149,Chicago,us
14605952,41.983938,-87.65541,Chicago,us
16013422,41.93935,-87.674477,Chicago,us
10015252,41.876572,-87.624542,Chicago,us
1035374,41.925055,-87.703398,Chicago,us
17452832,41.884251,-87.632446,Chicago,us
8678922,41.884476,-87.656975,Chicago,us
19137652,41.989971,-87.66185,Chicago,us
19068912,41.898941,-87.629822,Chicago,US
14001422,41.881065,-87.629028,Chicago,us
398263,41.97704,-87.66234,Chicago,us
438852,41.988856,-87.668588,Chicago,us
763649,41.989624,-87.659998,Chicago,us
794110,41.891359,-87.623355,Chicago,us
825823,41.959633,-87.688318,Chicago,us
952238,41.916039,-87.648063,Chicago,us
971450,41.925875,-87.701652,Chicago,us
757845,41.969621,-87.660387,Chicago,us
1145227,41.875755,-87.715744,Chicago,us
1645131,41.950165,-87.66394,Chicago,us
1280391,41.942189,-87.702414,Chicago,us
1521809,41.977662,-87.64913,Chicago,us
1512475,41.976665,-87.674141,Chicago,us
7059752,41.939461,-87.644356,Chicago,us
9735022,41.876572,-87.624542,Chicago,us
9856202,41.957962,-87.649658,Chicago,us
3703962,41.982311,-87.835709,Chicago,us
454676,42.009033,-87.66607,Chicago,us
4624162,41.954842,-87.688728,Chicago,us
11310342,41.903049,-87.677658,Chicago,us
1544331,41.949104,-87.655952,Chicago,us
14138862,41.888378,-87.636513,Chicago,us
4828032,41.878113,-87.629799,Chicago,us
11467692,41.894093,-87.636368,Chicago,us
16044902,41.878113,-87.629799,Chicago,us
10502292,41.890259,-87.631943,Chicago,us
18118042,42.011959,-87.777679,Chicago,US
6148632,41.888111,-87.630753,Chicago,us
959826,41.903356,-87.666472,Chicago,us
817314,41.871922,-87.646894,Chicago,us
798115,41.875065,-87.657021,Chicago,us
1445436,41.959291,-87.701161,Chicago,us
1518257,41.903598,-87.63042,Chicago,us
5456462,41.898302,-87.623995,Chicago,us
609552,41.94038,-87.653183,Chicago,us
378291,41.91782,-87.72279,Chicago,us
16046032,41.878113,-87.629799,Chicago,us
667925,41.884445,-87.629684,Chicago,us
803729,41.928859,-87.647057,Chicago,us
495038,41.9757,-87.70994,Chicago,us
1116621,41.879211,-87.637199,Chicago,us
776142,41.940139,-87.669356,Chicago,us
1301253,41.885716,-87.641286,Chicago,us
1213592,41.934536,-87.716521,Chicago,us
1619646,41.964641,-87.68582,Chicago,us
1515000,41.877327,-87.636612,Chicago,us
1089407,41.884872,-87.621439,Chicago,us
8708492,41.901405,-87.62809,Chicago,us
8591442,41.894337,-87.628365,Chicago,us
1513463,41.897343,-87.635201,Chicago,us
1176558,41.884445,-87.64502,Chicago,us
3948812,41.932693,-87.645905,Chicago,us
4866172,41.878113,-87.629799,Chicago,us
11268432,41.875938,-87.624893,Chicago,us
11341352,41.878113,-87.629799,Chicago,us
11363012,41.767342,-87.566299,Chicago,us
9624922,41.88493,-87.621994,Chicago,us
11790632,41.78545,-87.603928,Chicago,us
11391552,41.875381,-87.624519,Chicago,us
11776362,41.961517,-87.757683,Chicago,us
11686572,41.791393,-87.598373,Chicago,us
11686982,41.883236,-87.624512,Chicago,us
11347322,41.858376,-87.660309,Chicago,us
11978052,41.901405,-87.62809,Chicago,us
11892562,41.888718,-87.629524,Chicago,us
11992762,41.883236,-87.624512,Chicago,us
902903,41.890441,-87.629377,Chicago,us
12643212,41.795872,-87.594971,Chicago,us
10213622,41.907001,-87.650909,Chicago,us
10610852,41.884232,-87.647232,Chicago,us
7751982,41.888622,-87.642105,Chicago,us
14500572,41.858376,-87.660309,Chicago,us
617760,41.89044,-87.62938,Chicago,us
787807,41.923938,-87.649323,Chicago,us
948935,41.880842,-87.622574,Chicago,us
1012257,41.887074,-87.674492,Chicago,us
1578504,41.882015,-87.630127,Chicago,us
6992192,41.888195,-87.765778,Chicago,us
3948222,41.939747,-87.660248,Chicago,us
197858,41.89577,-87.68489,Chicago,us
9414782,41.887455,-87.628059,Chicago,us
964816,41.887673,-87.62355,Chicago,us
11809402,41.794613,-87.58757,Chicago,us
6772862,41.878113,-87.629799,Chicago,us
12375402,41.89064,-87.628708,Chicago,us
11327762,41.877499,-87.66832,Chicago,us
16047352,41.878113,-87.629799,Chicago,us
1547910,41.888828,-87.633209,Chicago,us
10635842,41.889183,-87.633049,Chicago,us
6565492,41.910408,-87.677994,Chicago,us
6942362,41.936398,-87.712517,Chicago,us
17483302,41.866489,-87.646881,Chicago,US
3961012,41.90992,-87.652054,Chicago,us
929993,41.925835,-87.688043,Chicago,us
1152042,41.876977,-87.624239,Chicago,us
1306895,41.93985,-87.657159,Chicago,us
4134932,41.925678,-87.647919,Chicago,us
1207370,41.910535,-87.674179,Chicago,us
946263,41.890091,-87.621953,Chicago,us
3097631,41.868025,-87.657375,Chicago,us
10701842,41.778912,-87.605904,Chicago,us
11739742,41.888371,-87.635361,Chicago,us
10959652,41.896915,-87.643547,Chicago,us
12067792,41.882195,-87.624496,Chicago,us
810579,41.973233,-87.667791,Chicago,us
1428221,41.981538,-87.655036,Chicago,us
1617420,41.853065,-87.631874,Chicago,us
10926362,41.929737,-87.707138,Chicago,us
5100142,41.691475,-87.704178,Chicago,us
12076902,41.963322,-87.685219,Chicago,us
9444282,41.878113,-87.629799,Chicago,us
12531882,41.866112,-87.617294,Chicago,us
16045382,41.878113,-87.629799,Chicago,us
12865742,41.857742,-87.645081,Chicago,us
17555162,41.97998,-87.668411,Chicago,US
727786,41.961245,-87.683516,Chicago,us
5566332,41.882679,-87.702454,Chicago,us
9255842,41.85,-87.65,Chicago,us
11161232,41.958019,-87.67347,Chicago,us
7199402,41.883514,-87.63974,Chicago,us
11030442,41.889645,-87.669334,Chicago,us
12645952,41.867432,-87.63205,Chicago,us
16047142,41.878113,-87.629799,Chicago,us
18875812,41.975739,-87.713547,Chicago,us
16799642,41.991386,-87.68291,Chicago,us
3168201,41.878113,-87.629799,Chicago,us
857667,41.909047,-87.634646,Chicago,us
1086274,42.019403,-87.676306,Chicago,us
1316348,41.87552,-88.256386,Chicago,us
667704,41.954178,-87.68121,Chicago,us
413485,41.924843,-87.694,Chicago,us
1435144,41.911809,-87.648191,Chicago,us
856858,41.881435,-87.625657,Chicago,us
5320182,41.9207,-87.693504,Chicago,us
6483682,42.018673,-87.673264,Chicago,us
6661002,41.942955,-87.730362,Chicago,us
6381412,41.911423,-87.634834,Chicago,us
7284712,41.929493,-87.708275,Chicago,us
714850,41.880144,-87.626877,Chicago,us
1543575,41.924652,-87.712708,Chicago,us
5014522,41.948978,-87.657936,Chicago,us
667876,41.888462,-87.63672,Chicago,us
10787892,41.889824,-87.629555,Chicago,us
10212912,41.868393,-87.63871,Chicago,us
12714112,42.01861,-87.67368,Chicago,us
14987462,41.29269,-88.895744,Chicago,us
11289292,41.911022,-87.636299,Chicago,us
831425,41.787715,-87.595805,Chicago,us
667908,41.893166,-87.63479,Chicago,us
1309753,41.889799,-87.630093,Chicago,us
2003901,41.878349,-87.628967,Chicago,us
1318647,41.889395,-87.635401,Chicago,us
10780212,41.921509,-87.671272,Chicago,us
11136132,41.954494,-87.677223,Chicago,us
11535922,41.89146,-87.619987,Chicago,us
5851252,41.884163,-87.648819,Chicago,us
11768552,41.890087,-87.627701,Chicago,us
1026745,41.923497,-87.645741,Chicago,us
11983312,41.893627,-87.629921,Chicago,us
10873322,41.895439,-87.634308,Chicago,us
11928322,41.89146,-87.619987,Chicago,us
11285332,41.921497,-87.652473,Chicago,us
11928652,41.878853,-87.636475,Chicago,us
12070592,41.891537,-87.636681,Chicago,us
7458352,41.903351,-87.668037,Chicago,us
12900562,41.87714,-87.642685,Chicago,us
12455522,41.898151,-87.627174,Chicago,us
12170952,41.960651,-87.752075,Chicago,us
13154982,41.887001,-87.658966,Chicago,us
1305306,41.965032,-87.634777,Chicago,us
16047192,41.878113,-87.629799,Chicago,us
16044992,41.878113,-87.629799,Chicago,us
1265459,41.906957,-87.671624,Chicago,us
886662,41.884503,-87.62309,Chicago,us
929731,41.939639,-87.652608,Chicago,us
265109,41.89595,-87.631226,Chicago,us
667627,41.894943,-87.62353,Chicago,us
1185140,41.940252,-87.650728,Chicago,us
1213289,41.954611,-87.665605,Chicago,us
1225791,41.898626,-87.677098,Chicago,us
1284369,41.980996,-87.842533,Chicago,us
1307482,41.913319,-87.634933,Chicago,us
1317614,41.880822,-87.625239,Chicago,us
834273,41.887646,-87.61953,Chicago,us
3693982,41.92456,-87.692988,Chicago,us
4142302,41.881958,-87.635277,Chicago,us
10867822,41.966347,-87.68705,Chicago,us
11370322,41.925892,-87.701683,Chicago,us
10277682,41.836128,-87.645851,Chicago,us
3861572,41.89106,-87.619034,Chicago,us
11370392,41.92366,-87.698372,Chicago,us
5935002,41.889687,-87.622055,Chicago,us
11117922,41.978024,-87.660019,Chicago,us
11887152,41.923771,-87.698929,Chicago,us
9601172,41.879902,-87.641449,Chicago,us
9288252,41.883224,-87.625404,Chicago,us
3221472,41.891033,-87.658409,Chicago,us
737471,41.885735,-87.630961,Chicago,us
16046962,41.878113,-87.629799,Chicago,us
16045232,41.878113,-87.629799,Chicago,us
9742652,41.924522,-87.699791,Chicago,us
6149282,41.978069,-87.658195,Chicago,us
10878872,41.876343,-87.633537,Chicago,us
1404474,41.906934,-87.671843,Chicago,us
14058052,41.917568,-87.690727,Chicago,us
911454,41.954895,-87.673645,Chicago,us
1280632,41.969058,-87.659661,Chicago,us
3652162,41.956699,-87.680901,Chicago,us
5186092,41.933598,-87.707352,Chicago,us
5273582,41.954464,-87.673744,Chicago,us
1636336,41.964035,-87.685722,Chicago,us
8055012,41.888378,-87.636513,Chicago,us
5129182,41.876297,-87.628227,Chicago,us
12785742,41.845417,-87.638351,Chicago,us
13067012,41.921921,-87.659218,Chicago,us
9435422,41.986118,-87.659592,Chicago,us
16046632,41.878113,-87.629799,Chicago,us
1035392,41.911208,-87.638609,Chicago,us
999015,41.867352,-87.624236,Chicago,us
1570838,41.923145,-87.639153,Chicago,us
1272313,41.877709,-87.632275,Chicago,us
969502,41.85379,-87.63288,Chicago,us
4272402,41.947109,-87.656679,Chicago,us
7038102,41.929401,-87.708054,Chicago,us
8270542,41.886379,-87.623581,Chicago,us
8954162,41.908981,-87.638412,Chicago,us
11119292,41.932957,-87.644348,Chicago,us
11183362,41.881771,-87.632423,Chicago,us
833667,41.908523,-87.67457,Chicago,us
12946302,41.879211,-87.637199,Chicago,us
18015562,41.975826,-87.699097,Chicago,US
18015612,41.975826,-87.699097,Chicago,US
1006969,42.016487,-87.689668,Chicago,us
931092,41.903159,-87.679085,Chicago,us
724729,41.896114,-87.631016,Chicago,us
1156127,41.946017,-87.65597,Chicago,us
1276804,41.884275,-87.647426,Chicago,us
1367305,41.965063,-87.6823,Chicago,us
1262879,41.791322,-87.594796,Chicago,us
1625321,41.895496,-87.634918,Chicago,us
1260583,41.879607,-87.648484,Chicago,us
4971702,41.944427,-87.739624,Chicago,us
4794162,41.943405,-87.671036,Chicago,us
4794222,41.943405,-87.671036,Chicago,us
6655712,41.869236,-87.667717,Chicago,us
667756,41.91145,-87.63471,Chicago,us
7264392,41.924515,-87.713936,Chicago,us
4642872,41.911228,-87.635643,Chicago,us
4982432,41.965336,-87.686653,Chicago,us
174259,41.91145,-87.63471,Chicago,us
1450113,41.938484,-87.654202,Chicago,us
4174222,41.894966,-87.621521,Chicago,us
3105811,41.856926,-87.649101,Chicago,us
9268582,41.775005,-87.633293,Chicago,us
10967342,41.878113,-87.629799,Chicago,us
10914282,41.892765,-87.624474,Chicago,us
11317552,41.878113,-87.629799,Chicago,us
815163,41.879167,-87.628207,Chicago,us
11105122,41.942051,-87.652313,Chicago,us
11287552,41.923019,-87.645195,Chicago,us
11239322,41.911209,-87.63559,Chicago,us
5262432,41.914696,-87.632309,Chicago,us
1980921,41.997635,-87.670288,Chicago,us
12118712,41.953289,-87.753227,Chicago,us
12261662,41.910889,-87.643265,Chicago,us
1330623,41.95469,-87.649206,Chicago,us
12004212,41.946362,-87.65538,Chicago,us
12451452,41.905754,-87.670654,Chicago,us
12675962,41.890175,-87.632668,Chicago,us
9359062,41.890205,-87.629173,Chicago,us
13656372,41.96999,-87.659904,Chicago,us
14342502,41.958179,-87.68158,Chicago,us
14784162,41.89476,-87.622223,Chicago,us
14858132,41.878113,-87.629799,Chicago,us
1250402,41.849998,-87.650002,Chicago,us
14980382,41.795803,-87.586014,Chicago,us
15679052,41.959824,-87.67247,Chicago,us
1957341,41.914806,-87.633881,Chicago,us
16077642,41.799191,-87.601028,Chicago,us
16274142,42.001019,-87.791153,Chicago,us
10965782,41.970852,-87.672668,Chicago,us
18226562,41.894459,-87.622223,Chicago,us
15914142,41.896717,-87.64328,Chicago,us
18925122,41.049992,-88.094902,Chicago,us
19055592,41.963322,-87.718979,Chicago,us
19588012,41.882401,-87.637817,Chicago,us
667814,41.970734,-87.68996,Chicago,us
1769781,41.876495,-87.628731,Chicago,us
811680,41.954506,-87.67457,Chicago,us
1408180,41.893434,-87.628325,Chicago,us
2383491,41.900738,-87.629921,Chicago,us
7513742,41.9217,-87.659386,Chicago,us
894425,41.887412,-87.642842,Chicago,us
11350272,41.882954,-87.635666,Chicago,us
6451482,41.892262,-87.627197,Chicago,us
8292462,41.944416,-87.739639,Chicago,us
2380181,41.878113,-87.629799,Chicago,us
2899181,41.890995,-87.615623,Chicago,us
1099392,41.719689,-87.676828,Chicago,us
784228,41.867353,-87.618818,Chicago,us
1596651,41.968639,-87.687233,Chicago,us
5699732,41.88834,-87.637329,Chicago,us
1013877,41.973209,-87.680595,Chicago,us
7598442,41.903072,-87.676598,Chicago,us
9329312,41.93829,-87.66674,Chicago,us
5899072,41.926804,-87.635139,Chicago,us
10965542,41.903866,-87.628975,Chicago,us
11417212,41.874207,-87.624481,Chicago,us
12488072,41.886566,-87.632401,Chicago,us
1522923,41.880249,-87.635292,Chicago,us
9790262,41.886623,-87.626785,Chicago,us
13298242,41.901112,-87.667046,Chicago,us
11579442,41.903145,-87.677986,Chicago,us
11951482,41.878113,-87.629799,Chicago,us
17105942,41.870277,-87.676811,Chicago,us
17815472,41.792053,-87.621902,Chicago,us
17817562,41.792053,-87.621902,Chicago,us
967569,41.850535,-87.611132,Chicago,us
1316418,41.721832,-87.614125,Chicago,us
1510260,41.851772,-87.632034,Chicago,us
2091831,41.884739,-87.630707,Chicago,us
6262802,41.878098,-87.643753,Chicago,us
3814122,41.890026,-87.631973,Chicago,us
10964392,41.878113,-87.629799,Chicago,us
10985182,41.872997,-87.626434,Chicago,us
11171062,41.88607,-87.635178,Chicago,us
11710722,41.915722,-87.764542,Chicago,us
5811292,41.879585,-87.623711,Chicago,us
6377152,41.874752,-87.653175,Chicago,us
4851292,41.895958,-87.631393,Chicago,us
11525682,41.92289,-87.687408,Chicago,us
11962822,41.88184,-87.624893,Chicago,us
7379232,41.912106,-87.634773,Chicago,us
12885922,41.92318,-87.801582,Chicago,us
13051752,42.008442,-87.690231,Chicago,us
8553702,41.879574,-87.641525,Chicago,us
8401432,41.80991,-87.616249,Chicago,us
15205512,41.881817,-87.624603,Chicago,us
11525622,41.917591,-87.698235,Chicago,us
12692572,41.832024,-87.617783,Chicago,us
3187901,41.957928,-87.649704,Chicago,us
4867152,41.878113,-87.629799,Chicago,us
5198972,41.947014,-87.656822,Chicago,us
1207785,42.016146,-87.668508,Chicago,us
9209962,41.895153,-87.623924,Chicago,us
250696,41.939999,-87.699997,Chicago,us
12892082,41.799442,-87.58387,Chicago,us
1608005,41.891434,-87.608093,Chicago,us
13225692,41.878494,-87.62561,Chicago,us
1415869,41.892936,-87.641569,Chicago,us
1532922,41.926506,-87.697807,Chicago,us
7440632,41.835464,-87.628738,Chicago,us
9531592,41.929749,-87.707237,Chicago,us
11457182,41.828979,-87.626183,Chicago,us
18008312,41.883545,-87.639709,Chicago,us
1215036,41.900165,-87.62754,Chicago,us
1235083,41.895357,-87.634887,Chicago,us
1543920,41.879295,-87.631218,Chicago,us
4500752,41.885017,-87.660706,Chicago,us
8840162,41.961456,-87.678612,Chicago,us
11288012,41.923019,-87.645195,Chicago,us
12107752,41.885052,-87.61985,Chicago,us
12584392,41.923019,-87.645195,Chicago,us
12685072,41.88311,-87.621841,Chicago,us
7582532,41.885944,-87.613464,Chicago,us
11965012,41.878113,-87.629799,Chicago,us
9732992,41.887623,-87.624504,Chicago,us
5560462,42.005859,-87.661415,Chicago,us
7163982,41.964279,-87.685905,Chicago,us
6029582,41.944759,-87.663811,Chicago,us
7708402,41.925724,-87.633614,Chicago,us
2276591,41.977962,-87.66835,Chicago,us
1283675,41.847996,-87.683041,Chicago,us
1024558,42.013483,-87.663856,Chicago,us
469673,41.875538,-87.62755,Chicago,us
9804952,41.792786,-87.625984,Chicago,us
8091762,41.907688,-87.634636,Chicago,us
12406812,41.960617,-87.6735,Chicago,us
10171342,41.876896,-87.624863,Chicago,us
1822581,41.894642,-87.63913,Chicago,us
3567082,41.959377,-87.674675,Chicago,us
5661202,41.993,-87.66053,Chicago,us
1422509,41.893677,-87.625862,Chicago,us
10358882,41.938065,-87.819351,Chicago,us
11091602,41.88932,-87.628906,Chicago,us
1587560,41.887535,-87.679138,Chicago,us
5780082,41.968292,-87.696513,Chicago,us
12087692,41.888371,-87.635361,Chicago,us
782568,41.900406,-87.623194,Chicago,us
12741732,41.857841,-87.656944,Chicago,us
1348252,41.812691,-87.723639,Chicago,us
1360210,41.928311,-87.711691,Chicago,us
1614170,41.961346,-87.675629,Chicago,us
1825491,41.898949,-87.622917,Chicago,us
3589552,41.923286,-87.698372,Chicago,us
12920232,41.918232,-87.71212,Chicago,us
13376942,41.993011,-87.711342,Chicago,us
1203070,41.957943,-87.649796,Chicago,us
14732902,41.92186,-87.697662,Chicago,us
10738942,41.867447,-87.627487,Chicago,us
5296152,41.942837,-87.649529,Chicago,us
15179022,41.878113,-87.629799,Chicago,us
15178842,41.865715,-87.7621,Chicago,us
15391352,41.878113,-87.629799,Chicago,us
19646702,41.945526,-87.64949,Chicago,us
1368995,41.888146,-87.632828,Chicago,us
1489128,41.894924,-87.653915,Chicago,us
1506147,41.878113,-87.629799,Chicago,us
1597558,41.878487,-87.627892,Chicago,us
11455332,41.911713,-87.679504,Chicago,us
11531322,41.868393,-87.63871,Chicago,us
11403052,41.939468,-87.718796,Chicago,us
11624572,41.883316,-87.628777,Chicago,us
6851972,41.917568,-87.691193,Chicago,us
12459912,41.878113,-87.629799,Chicago,us
10844742,41.939129,-87.733765,Chicago,us
1368393,41.887617,-87.682596,Chicago,us
16323982,41.882401,-87.637817,Chicago,us
1076854,41.882047,-87.632133,Chicago,us
1389614,41.965981,-87.687187,Chicago,us
1476218,41.903296,-87.679265,Chicago,us
3936522,41.889259,-87.628944,Chicago,us
6144942,41.900021,-87.623726,Chicago,us
9246032,41.932121,-87.65992,Chicago,us
6514532,41.884503,-87.62309,Chicago,us
11372132,41.87904,-87.637337,Chicago,us
12766042,41.881065,-87.663048,Chicago,us
12061432,41.959648,-87.688248,Chicago,us
853661,41.956999,-87.646021,Chicago,us
1467836,41.962026,-87.645558,Chicago,us
3096511,41.925678,-87.647919,Chicago,us
1625745,41.962025,-87.645561,Chicago,us
1606869,41.8792,-87.632668,Chicago,us
10882792,42.009014,-87.672951,Chicago,us
11226082,41.894657,-87.634529,Chicago,us
1062068,41.885154,-87.62426,Chicago,us
11412192,41.895859,-87.626534,Chicago,us
11438392,41.888718,-87.629524,Chicago,us
3559322,41.93874,-87.644424,Chicago,us
12051152,41.8792,-87.632668,Chicago,us
10992562,41.88464,-87.648422,Chicago,us
12439672,41.853977,-87.626923,Chicago,us
6683722,41.893909,-87.633041,Chicago,us
12743212,41.895439,-87.634308,Chicago,us
12740862,41.898792,-87.648804,Chicago,us
1455689,41.950153,-87.688309,Chicago,us
1583032,41.966946,-87.679161,Chicago,us
6362072,41.881115,-87.637047,Chicago,us
1442949,41.951113,-87.698136,Chicago,us
7347642,41.8918,-87.631325,Chicago,us
8172882,41.890144,-87.629074,Chicago,us
6382252,41.934826,-87.653816,Chicago,us
8968982,41.893349,-87.628769,Chicago,us
1469079,41.945292,-87.706675,Chicago,us
9505982,41.910042,-87.634224,Chicago,us
7259782,41.88448,-87.620705,Chicago,us
11456262,41.888,-87.636414,Chicago,us
3940292,41.87281,-87.624306,Chicago,us
1477932,41.884494,-87.629487,Chicago,us
11741512,41.874321,-87.658531,Chicago,us
11284552,41.909027,-87.634789,Chicago,us
11986072,41.860279,-87.647224,Chicago,us
11458622,41.895935,-87.618744,Chicago,us
7937652,41.884514,-87.619743,Chicago,us
10907972,41.889061,-87.617851,Chicago,us
5671602,41.720943,-87.613609,Chicago,us
10802112,41.897526,-87.62542,Chicago,us
12751362,41.854237,-87.677628,Chicago,us
12785292,41.878372,-87.644012,Chicago,us
12645612,42.01403,-87.684959,Chicago,us
12829962,41.875938,-87.624893,Chicago,us
12918072,41.889687,-87.622055,Chicago,us
1009065,41.944328,-87.654213,Chicago,us
12741702,41.893612,-87.623779,Chicago,us
15231062,41.944679,-87.654282,Chicago,us
12810302,41.85323,-87.650238,Chicago,us
15863092,41.939564,-87.660019,Chicago,us
6169872,41.9734,-87.702309,Chicago,us
2227131,41.926003,-87.649628,Chicago,us
731103,41.939765,-87.663808,Chicago,us
2260811,41.949848,-87.658798,Chicago,us
912001,41.899566,-87.625642,Chicago,us
1490325,41.900089,-87.627525,Chicago,us
1133261,41.909526,-87.653073,Chicago,us
3881872,41.92136,-87.672997,Chicago,us
8563482,41.946892,-87.664001,Chicago,us
1540374,41.893936,-87.633675,Chicago,us
11293462,41.923019,-87.645195,Chicago,us
6948862,41.918808,-87.68763,Chicago,us
11452632,41.868393,-87.63871,Chicago,us
11452672,41.948471,-87.649872,Chicago,us
11799452,41.878113,-87.629799,Chicago,us
12577232,41.878113,-87.629799,Chicago,us
12577322,41.88113,-87.632034,Chicago,us
5997682,41.944473,-87.654259,Chicago,us
12577472,41.892155,-87.624657,Chicago,us
11883752,41.884212,-87.66552,Chicago,us
16880832,41.93832,-87.644211,Chicago,us
1546557,41.910248,-87.686188,Chicago,us
1519699,41.879211,-87.637199,Chicago,us
1414942,41.88187,-87.640451,Chicago,us
2753631,41.882153,-87.639954,Chicago,us
3128051,41.876232,-87.628273,Chicago,us
2979001,41.886433,-87.642611,Chicago,us
4352182,41.973675,-87.668465,Chicago,us
5525012,41.959591,-87.727928,Chicago,us
1617883,41.881886,-87.624672,Chicago,us
11036992,41.891064,-87.631844,Chicago,us
5842862,41.876232,-87.628273,Chicago,us
10805652,41.897526,-87.62542,Chicago,us
10926532,41.939316,-87.702194,Chicago,us
10927152,41.881878,-87.624672,Chicago,us
6746972,41.879925,-87.632278,Chicago,us
3862282,41.866302,-87.651588,Chicago,us
11183492,41.889687,-87.622055,Chicago,us
12081102,41.881241,-87.631325,Chicago,us
12873962,41.8829,-87.640762,Chicago,us
12192032,41.836678,-87.651421,Chicago,us
10662712,41.952675,-87.798409,Chicago,us
5250042,41.858967,-87.625145,Chicago,us
10880242,41.917606,-87.695984,Chicago,us
6365892,41.805664,-87.624252,Chicago,us
872725,41.917105,-87.707627,Chicago,us
10709132,41.961216,-87.713387,Chicago,us
10709312,41.934101,-87.646378,Chicago,us
12835502,41.997478,-87.687965,Chicago,us
10838862,41.89621,-87.675652,Chicago,us
972806,41.91118,-87.677744,Chicago,us
9315132,41.853764,-87.70739,Chicago,us
9352802,41.878113,-87.629799,Chicago,us
10488622,41.878113,-87.629799,Chicago,us
11009442,41.952499,-87.677742,Chicago,us
11088462,41.896915,-87.643547,Chicago,us
8009102,41.920685,-87.705406,Chicago,us
5065782,41.896397,-87.664131,Chicago,us
12027832,41.927002,-87.672241,Chicago,us
12587192,41.963749,-87.684654,Chicago,us
10947182,41.933399,-87.653877,Chicago,us
11705882,41.903297,-87.679268,Chicago,us
16525752,41.883457,-87.654762,Chicago,us
7410482,41.939548,-87.672951,Chicago,us
10334032,41.953289,-87.753227,Chicago,us
999143,41.87224,-87.657978,Chicago,us
2086501,41.932865,-87.646332,Chicago,us
5835192,41.883522,-87.636559,Chicago,us
1282905,41.954275,-87.701681,Chicago,us
11090702,41.893139,-87.62368,Chicago,us
8128962,41.903297,-87.679268,Chicago,us
12885892,41.926163,-87.792114,Chicago,us
11465612,41.911209,-87.63559,Chicago,us
9707842,41.866112,-87.617294,Chicago,us
9097432,41.911198,-87.635551,Chicago,us
2386461,41.901733,-87.652214,Chicago,us
3065701,42.086433,-87.945351,Chicago,us
3102761,41.978607,-87.668213,Chicago,us
2694111,41.878113,-87.629799,Chicago,us
2608761,41.882115,-87.641496,Chicago,us
2869401,41.910591,-87.677322,Chicago,us
3038041,41.873524,-87.670036,Chicago,us
3948452,41.99334,-87.669907,Chicago,us
1978531,41.97644,-87.652138,Chicago,us
6220512,41.877567,-87.656563,Chicago,us
741662,41.954231,-87.705399,Chicago,us
9200722,41.917439,-87.667015,Chicago,us
938741,41.952351,-87.650581,Chicago,us
10496782,41.954243,-87.705391,Chicago,us
10967422,41.909168,-87.652718,Chicago,us
10930122,41.983719,-87.657852,Chicago,us
11514352,42.007835,-87.66893,Chicago,us
11723132,41.93837,-87.666656,Chicago,us
280146,41.963184,-87.685036,Chicago,us
8563252,41.909962,-87.676926,Chicago,us
11731672,41.899254,-87.6866,Chicago,us
12050902,41.985008,-87.668976,Chicago,us
12419242,41.745071,-87.695091,Chicago,us
12720032,41.911209,-87.63559,Chicago,us
11915792,41.965069,-87.67395,Chicago,us
12671302,41.88311,-87.621841,Chicago,us
3029761,41.903236,-87.667114,Chicago,us
2011931,41.892563,-87.631523,Chicago,us
17292792,41.967632,-87.668282,Chicago,Un
18053122,41.917538,-87.693474,Chicago,US
10663862,41.886761,-87.6493,Chicago,us
3170191,41.878113,-87.629799,Chicago,us
3495442,41.89753,-87.625412,Chicago,us
7570012,41.885448,-87.6343,Chicago,us
9164822,41.878113,-87.629799,Chicago,us
9209442,41.897381,-87.627289,Chicago,us
8827272,41.883667,-87.625046,Chicago,us
10730432,41.831257,-87.608421,Chicago,us
10721132,41.896915,-87.643547,Chicago,us
1432944,41.778959,-87.605683,Chicago,us
11312132,41.917953,-87.679482,Chicago,us
11480522,41.831223,-87.656563,Chicago,us
4496362,41.88821,-87.635361,Chicago,us
11715882,41.757248,-87.593781,Chicago,us
12523122,41.886585,-87.629181,Chicago,us
17802442,41.875347,-87.627411,Chicago,US
3863802,41.973675,-87.668465,Chicago,us
6871102,41.878113,-87.629799,Chicago,us
11287912,41.923019,-87.645195,Chicago,us
11348742,41.92321,-87.645607,Chicago,us
667944,41.93654,-87.68067,Chicago,us
1059850,41.938827,-87.644325,Chicago,us
766731,41.966647,-87.688148,Chicago,us
4777102,41.993359,-87.670242,Chicago,us
10967362,41.878113,-87.629799,Chicago,us
9357022,41.920094,-87.64167,Chicago,us
11305732,42.005253,-87.66124,Chicago,us
11753632,41.932686,-87.645821,Chicago,us
12090132,41.990326,-87.660477,Chicago,us
12482982,42.007137,-87.660835,Chicago,us
12600652,41.903557,-87.70166,Chicago,us
10363192,41.969128,-87.659203,Chicago,us
12664452,41.889446,-87.635429,Chicago,us
10511982,41.897537,-87.626694,Chicago,us
7559892,41.940125,-87.639542,Chicago,us
893692,41.952415,-87.663862,Chicago,us
15777062,41.977371,-87.659927,Chicago,us
14511572,41.967094,-87.679512,Chicago,us
4926382,41.878113,-87.629799,Chicago,us
797532,41.961381,-87.683853,Chicago,us
5475082,41.961586,-87.75853,Chicago,us
6977322,41.857071,-87.621841,Chicago,us
10233542,41.878113,-87.629799,Chicago,us
10792022,41.96748,-87.687973,Chicago,us
11318882,41.910545,-87.65242,Chicago,us
10905432,41.896915,-87.643547,Chicago,us
11790672,41.94696,-87.751663,Chicago,us
9977692,41.89481,-87.63176,Chicago,us
2304481,41.924522,-87.696213,Chicago,us
12550032,41.920601,-87.648941,Chicago,us
12666812,41.952866,-87.789505,Chicago,us
789915,41.85778,-87.621226,Chicago,us
1050661,41.990676,-87.669852,Chicago,us
8355542,41.882664,-87.623802,Chicago,us
6539752,41.89254,-87.628426,Chicago,us
11895072,41.895767,-87.697357,Chicago,us
1144238,41.97735,-87.689178,Chicago,us
5029422,41.932209,-87.644875,Chicago,us
1619534,41.939362,-87.650726,Chicago,us
11412742,41.953125,-87.706406,Chicago,us
11784792,41.964905,-87.686119,Chicago,us
11647342,41.903278,-87.68042,Chicago,us
3922282,41.898476,-87.621506,Chicago,us
15268122,41.872868,-87.752106,Chicago,us
5274352,41.939999,-87.654892,Chicago,us
5274222,41.939999,-87.654892,Chicago,us
1407370,41.8942,-87.625608,Chicago,us
6865242,41.903515,-87.674103,Chicago,us
5118092,41.934021,-87.663765,Chicago,us
10647252,41.970001,-87.660004,Chicago,us
7747492,41.884514,-87.62439,Chicago,us
897471,41.982897,-87.713134,Chicago,us
10972392,41.901508,-87.692627,Chicago,us
2644111,41.891319,-87.624054,Chicago,us
11647842,41.873547,-87.629128,Chicago,us
3761872,41.884258,-87.637146,Chicago,us
12104462,41.968353,-87.692947,Chicago,us
12787342,41.837914,-87.638054,Chicago,us
14014992,41.878418,-87.634102,Chicago,us
883968,41.865618,-87.646831,Chicago,us
3153491,41.928761,-87.70694,Chicago,us
11434872,41.935879,-87.644249,Chicago,us
8931452,41.94323,-87.684647,Chicago,us
17354012,41.890167,-87.627846,Chicago,Un
6906212,41.964546,-87.70845,Chicago,us
1243329,41.896361,-87.663035,Chicago,us
19428052,41.892124,-87.626076,Chicago,us
6018642,41.891392,-87.621315,Chicago,us
4759862,41.943954,-87.649368,Chicago,us
6625202,41.921738,-87.712334,Chicago,us
12263522,41.921738,-87.712334,Chicago,us
12828312,41.921738,-87.712334,Chicago,us
10714162,41.880688,-87.639847,Chicago,us
16552032,41.930431,-87.661224,Chicago,us
16830422,41.94146,-87.6642,Chicago,us
7538692,41.958168,-87.674706,Chicago,us
9107262,42.314095,-88.457062,Chicago,us
11526502,41.907757,-87.673386,Chicago,us
11271832,41.910179,-87.688133,Chicago,us
12058672,41.95237,-87.669243,Chicago,us
938026,41.951292,-87.676471,Chicago,us
5170662,41.932919,-87.647308,Chicago,us
494048,41.980164,-87.806885,Chicago,us
8218742,41.967087,-87.667114,Chicago,us
8697092,41.96213,-87.64538,Chicago,us
9514742,41.931892,-87.644775,Chicago,us
10300242,41.983719,-87.657852,Chicago,us
7370152,41.954582,-87.679253,Chicago,us
1304154,41.944368,-87.67229,Chicago,us
11877542,41.681339,-87.613419,Chicago,us
7797342,41.967533,-87.669205,Chicago,us
12438962,41.961712,-87.668922,Chicago,us
12106142,42.033363,-87.8834,Chicago,us
12042562,41.889088,-87.672836,Chicago,us
12626352,41.854092,-87.61274,Chicago,us
6361702,41.87886,-87.635834,Chicago,us
17277382,41.911488,-87.638779,Chicago,Un
6722082,41.879101,-87.642258,Chicago,us
6723532,41.877705,-87.629021,Chicago,us
7975372,42.008244,-87.66605,Chicago,us
10721732,41.951679,-87.722191,Chicago,us
10889132,41.932983,-87.641647,Chicago,us
11285392,41.892391,-87.636459,Chicago,us
1348841,41.913459,-87.654865,Chicago,us
260671,41.978607,-87.668213,Chicago,us
13618812,41.939606,-87.657173,Chicago,us
12920912,41.949127,-87.658356,Chicago,us
14457382,41.896049,-87.624008,Chicago,us
16045632,41.878113,-87.629799,Chicago,us
6817642,41.757591,-87.653908,Chicago,us
1566744,41.853985,-87.627068,Chicago,us
6928752,41.979485,-87.654823,Chicago,us
9516452,41.879128,-87.62397,Chicago,us
6063212,41.93964,-87.681389,Chicago,us
10110802,41.986721,-87.665298,Chicago,us
10590312,41.88472,-87.656441,Chicago,us
697751,41.944175,-87.663542,Chicago,us
11645012,41.925266,-87.708069,Chicago,us
13205252,41.912346,-87.642838,Chicago,us
2444771,41.890488,-87.630928,Chicago,us
14298982,41.891598,-87.626808,Chicago,us
15400512,41.858376,-87.660309,Chicago,us
7046612,41.950043,-87.648872,Chicago,us
7196092,41.883926,-87.649872,Chicago,us
1122002,41.941504,-87.669913,Chicago,us
9182482,41.997883,-87.654999,Chicago,us
9844912,41.87886,-87.635834,Chicago,us
10917502,41.962799,-87.63813,Chicago,us
11708302,41.850979,-87.632011,Chicago,us
12088052,41.880775,-87.632141,Chicago,us
6328752,42.007931,-87.665031,Chicago,us
11006432,41.817558,-87.66539,Chicago,us
12284722,41.866322,-87.607452,Chicago,us
1287464,41.911187,-87.631671,Chicago,us
12461952,41.831223,-87.656563,Chicago,us
6099112,41.877934,-87.630028,Chicago,us
7558952,41.88649,-87.633072,Chicago,us
7824542,41.941891,-87.650925,Chicago,us
7227802,41.927036,-87.651115,Chicago,us
6694342,41.875519,-87.627251,Chicago,us
11414622,41.892262,-87.619064,Chicago,us
8075252,41.896114,-87.63279,Chicago,us
6418442,41.913631,-87.631748,Chicago,us
10712082,41.940212,-87.649139,Chicago,us
211945,41.880001,-87.639999,Chicago,us
11333342,41.909607,-87.653175,Chicago,us
10149042,41.88501,-87.618927,Chicago,us
11462782,41.909607,-87.653175,Chicago,us
11219672,41.926125,-87.652069,Chicago,us
11932912,41.854237,-87.677628,Chicago,us
12558912,41.8894,-87.634926,Chicago,us
9589602,41.901417,-87.631836,Chicago,us
17431902,41.873539,-87.629021,Chicago,Un
784382,41.881827,-87.645053,Chicago,us
11740722,41.923424,-87.698189,Chicago,us
4824362,41.939754,-87.65036,Chicago,us
8504662,41.925462,-87.658094,Chicago,us
8356022,41.959938,-87.728386,Chicago,us
9475852,41.92178,-87.672493,Chicago,us
8205872,41.772964,-87.722191,Chicago,us
10884022,42.010529,-87.692626,Chicago,us
9995202,41.931564,-87.657799,Chicago,us
11735432,41.878113,-87.629799,Chicago,us
851798,41.926727,-87.650901,Chicago,us
12198072,41.939751,-87.653381,Chicago,us
8347362,41.940103,-87.646135,Chicago,us
9165442,41.970001,-87.660004,Chicago,us
10072062,41.962589,-87.684296,Chicago,us
11055352,41.947929,-87.66925,Chicago,us
11638772,41.935661,-87.692551,Chicago,us
3983992,41.857563,-87.664345,Chicago,us
12006582,41.884861,-87.628311,Chicago,us
12627962,41.892765,-87.624474,Chicago,us
8390552,41.917686,-87.691803,Chicago,us
14820252,41.990913,-87.660324,Chicago,us
8811822,41.837872,-87.650856,Chicago,us
8728462,41.88644,-87.65595,Chicago,us
8581192,41.936543,-87.680679,Chicago,us
10156382,41.896156,-87.655571,Chicago,us
10439252,41.833668,-87.648979,Chicago,us
11105362,41.961384,-87.676834,Chicago,us
11157012,41.858662,-87.669792,Chicago,us
11466752,41.983727,-87.659599,Chicago,us
3012351,41.95015,-87.71376,Chicago,us
11592332,41.883644,-87.649429,Chicago,us
11729312,41.942707,-87.645782,Chicago,us
11637792,41.906898,-87.671722,Chicago,us
12172152,41.878113,-87.629799,Chicago,us
1520171,41.86879,-87.624229,Chicago,us
12808262,41.879211,-87.637199,Chicago,us
12291052,41.893242,-87.639114,Chicago,us
12291042,41.88945,-87.634018,Chicago,us
12290982,41.966347,-87.68705,Chicago,us
14595102,41.851337,-87.657898,Chicago,us
16284722,41.917347,-87.700081,Chicago,us
12891262,41.939945,-87.66964,Chicago,us
6719472,41.88834,-87.637329,Chicago,us
8889522,41.909607,-87.653175,Chicago,us
2417951,41.893627,-87.637283,Chicago,us
1417640,41.888306,-87.624801,Chicago,us
10378612,41.90744,-87.675888,Chicago,us
9589892,41.791405,-87.598221,Chicago,us
10665022,41.890095,-87.628662,Chicago,us
8355322,41.907486,-87.67308,Chicago,us
2633101,41.883957,-87.64228,Chicago,us
12368672,41.927822,-87.706551,Chicago,us
12341132,41.950768,-87.663986,Chicago,us
1258243,41.891483,-87.616149,Chicago,us
12728902,41.878113,-87.629799,Chicago,us
11434772,41.910469,-87.671913,Chicago,us
8814042,41.912651,-87.662071,Chicago,us
12368972,41.878113,-87.629799,Chicago,us
11662672,41.705376,-87.603081,Chicago,us
4149762,41.884663,-87.649086,Chicago,us
10889802,41.910419,-87.676628,Chicago,us
8305302,41.890961,-87.629951,Chicago,us
12584312,41.899445,-87.627983,Chicago,us
3687672,41.895981,-87.662277,Chicago,us
12584422,41.930099,-87.707245,Chicago,us
9959632,41.920094,-87.648788,Chicago,us
9455662,41.964951,-87.669151,Chicago,us
10087402,41.886436,-87.65641,Chicago,us
6937312,41.920235,-87.662506,Chicago,us
10748862,41.960293,-87.728951,Chicago,us
11056122,41.929684,-87.642944,Chicago,us
978570,41.87775,-87.636666,Chicago,us
11606872,41.894642,-87.616035,Chicago,us
12036252,41.981495,-87.844795,Chicago,us
16045102,41.908989,-87.638184,Chicago,us
19046782,41.894787,-87.631592,Chicago,us
19479332,41.894833,-87.631592,Chicago,US
9736612,41.910217,-87.677254,Chicago,us
9874242,41.887936,-87.648529,Chicago,us
9774452,41.88216,-87.639961,Chicago,us
10332842,41.880684,-87.62606,Chicago,us
10562762,41.779633,-87.645515,Chicago,us
10516982,41.976992,-87.904572,Chicago,us
11804832,41.8829,-87.640762,Chicago,us
11988982,41.882862,-87.628815,Chicago,us
12328862,41.908337,-87.674126,Chicago,us
12604252,41.832275,-87.627708,Chicago,us
16046902,41.878113,-87.629799,Chicago,us
10078822,41.913086,-87.677513,Chicago,us
10156032,41.883667,-87.625046,Chicago,us
11197792,41.939468,-87.636787,Chicago,us
11240522,41.878548,-87.636353,Chicago,us
11321982,41.876869,-87.62439,Chicago,us
9864122,41.913162,-87.711662,Chicago,us
11613882,41.879536,-87.63398,Chicago,us
12302442,41.907764,-87.634766,Chicago,us
11792872,41.962029,-87.645561,Chicago,us
10668472,41.88932,-87.628906,Chicago,us
12124192,41.878113,-87.629799,Chicago,us
12885372,41.939468,-87.636787,Chicago,us
6716852,41.880402,-87.620392,Chicago,us
7616342,41.893265,-87.63044,Chicago,us
15755122,41.889912,-87.637657,Chicago,us
17889962,41.879749,-87.631523,Chicago,us
11118682,41.788353,-87.599228,Chicago,us
11325992,41.869236,-87.627541,Chicago,us
10096622,41.894119,-87.616417,Chicago,us
11600302,41.871677,-87.647453,Chicago,us
11232162,41.947464,-87.678688,Chicago,us
1473426,41.897445,-87.624973,Chicago,us
12071762,41.878113,-87.629799,Chicago,us
11598332,41.924023,-87.654427,Chicago,us
12079552,41.88311,-87.621841,Chicago,us
12268302,41.878052,-87.626617,Chicago,us
12180562,41.891781,-87.647629,Chicago,us
12065222,41.896458,-87.617828,Chicago,us
12094692,41.880684,-87.624214,Chicago,us
7190062,41.878017,-87.633331,Chicago,us
14761242,41.88311,-87.621841,Chicago,us
15466232,41.886803,-87.617538,Chicago,us
5652452,41.873676,-87.625961,Chicago,us
11887642,41.986038,-87.654602,Chicago,us
18553182,41.89954,-87.677635,Chicago,US
19682792,41.895428,-87.69017,Chicago,us
10320842,41.888378,-87.636513,Chicago,us
667922,41.87336,-87.62918,Chicago,us
10600662,41.945435,-87.70652,Chicago,us
9921592,41.953091,-87.777901,Chicago,us
10697512,41.888378,-87.636513,Chicago,us
10971752,41.88932,-87.628906,Chicago,us
11825102,41.888371,-87.635361,Chicago,us
11810232,41.878311,-87.648056,Chicago,us
10312782,41.856474,-87.646597,Chicago,us
12642502,41.888378,-87.636513,Chicago,us
13334812,41.888371,-87.635361,Chicago,us
11996782,41.877853,-87.626846,Chicago,us
13838392,41.947433,-87.64785,Chicago,us
7668462,41.948578,-87.688538,Chicago,us
19248372,41.947422,-87.648026,Chicago,US
695051,41.935395,-87.651555,Chicago,us
10575882,41.973537,-87.748756,Chicago,us
10589542,41.943584,-87.670845,Chicago,us
4787572,41.888439,-87.628845,Chicago,us
11089722,41.769524,-87.590698,Chicago,us
11165522,41.997608,-87.694031,Chicago,us
10412512,41.934143,-87.663605,Chicago,us
11094122,41.90517,-87.634697,Chicago,us
693138,41.918999,-87.677307,Chicago,us
3702602,41.973675,-87.668465,Chicago,us
1216662,41.941466,-87.644065,Chicago,us
11512392,41.940304,-87.669243,Chicago,us
11898512,42.01033,-87.673607,Chicago,us
11749942,41.878113,-87.629799,Chicago,us
11963482,41.907879,-87.648232,Chicago,us
12171692,41.889805,-87.630409,Chicago,us
10014102,41.953289,-87.753227,Chicago,us
11963252,41.875938,-87.624893,Chicago,us
11677832,41.942467,-87.663666,Chicago,us
12296392,41.939644,-87.67849,Chicago,us
1424713,41.939838,-87.645665,Chicago,us
9428452,41.915817,-87.669991,Chicago,us
12830732,41.939217,-87.652664,Chicago,us
3957272,41.896362,-87.663033,Chicago,us
12830782,41.951096,-87.65683,Chicago,us
12742752,41.923138,-87.645287,Chicago,us
12055712,41.909859,-87.652931,Chicago,us
10806112,41.985516,-87.722748,Chicago,us
11860082,41.894108,-87.623535,Chicago,us
10806292,41.985516,-87.722748,Chicago,us
4838702,41.840843,-87.715034,Chicago,us
10851452,41.856926,-87.646492,Chicago,us
12221782,41.903545,-87.671341,Chicago,us
8307192,41.877861,-87.652832,Chicago,us
191152,41.940456,-87.654472,Chicago,us
1518545,41.763443,-87.637695,Chicago,us
7030042,41.757927,-87.548203,Chicago,us
10445872,41.858376,-87.660309,Chicago,us
11495842,41.896915,-87.643547,Chicago,us
11623242,41.878494,-87.62561,Chicago,us
12918962,41.88155,-87.634911,Chicago,us
14209722,41.896717,-87.64328,Chicago,us
17120732,41.888065,-87.63076,Chicago,us
11327532,41.92321,-87.645607,Chicago,us
2444411,41.899742,-87.623955,Chicago,us
11452662,41.890087,-87.627701,Chicago,us
1240511,41.873363,-87.624603,Chicago,us
11404712,41.95351,-87.73365,Chicago,us
4638172,41.910892,-87.650101,Chicago,us
11633872,41.89035,-87.630943,Chicago,us
8815022,41.86639,-87.623924,Chicago,us
11955822,41.870743,-87.674355,Chicago,us
5258932,41.925926,-87.649811,Chicago,us
6102302,41.878113,-87.629799,Chicago,us
1493907,41.736759,-87.59774,Chicago,us
5603312,41.795109,-87.587898,Chicago,us
9628802,41.928188,-87.652679,Chicago,us
13037982,41.95409,-87.709564,Chicago,us
13038022,41.95409,-87.709564,Chicago,us
11551372,41.890728,-87.616394,Chicago,us
6091172,41.929283,-87.65332,Chicago,us
14791502,41.565193,-87.633766,Chicago,us
16954592,41.80069,-87.5875,Chicago,US
12284012,41.921234,-87.648628,Chicago,us
11476522,41.940151,-87.640488,Chicago,us
4725312,41.954582,-87.679253,Chicago,us
11492822,41.877705,-87.629021,Chicago,us
11624122,41.757374,-87.621521,Chicago,us
11475662,41.921497,-87.652473,Chicago,us
12085832,41.867039,-87.648857,Chicago,us
12398072,41.932201,-87.683273,Chicago,us
12578812,41.892765,-87.624474,Chicago,us
12988382,41.878113,-87.629799,Chicago,us
13460242,41.910641,-87.672432,Chicago,us
1340929,41.900803,-87.62425,Chicago,us
12589182,41.929283,-87.65332,Chicago,us
11728972,41.909367,-87.677971,Chicago,us
1003992,41.864716,-87.64679,Chicago,us
11700532,41.955681,-87.673355,Chicago,us
11717312,41.88007,-87.624657,Chicago,us
11009462,41.893219,-87.632744,Chicago,us
1676371,41.80077,-87.588829,Chicago,us
12037432,41.876343,-87.633537,Chicago,us
5025432,41.860416,-87.627922,Chicago,us
1158692,41.882849,-87.628655,Chicago,us
11729042,41.860416,-87.627922,Chicago,us
2228481,41.874939,-87.627518,Chicago,us
11868922,42.019379,-87.666893,Chicago,us
11500442,41.877815,-87.64183,Chicago,us
11996412,41.896709,-87.626419,Chicago,us
12277512,42.018673,-87.673264,Chicago,us
12084012,41.890308,-87.628952,Chicago,us
10295482,41.976242,-87.668495,Chicago,us
3149571,41.97319,-87.657417,Chicago,us
12180662,42.018673,-87.673264,Chicago,us
12858222,41.73941,-87.624329,Chicago,us
13874272,41.879471,-87.647423,Chicago,us
3504182,41.937752,-87.721352,Chicago,us
12045852,41.95245,-87.716835,Chicago,us
12161932,41.833572,-87.646057,Chicago,us
12154342,41.766434,-87.581673,Chicago,us
12330122,41.877853,-87.626846,Chicago,us
842096,41.909381,-87.649094,Chicago,us
12179472,41.974461,-87.750465,Chicago,us
12532682,41.878056,-87.63221,Chicago,us
12697592,41.87188,-87.64711,Chicago,us
12352022,41.932686,-87.645821,Chicago,us
12715722,41.658081,-88.016815,Chicago,us
12807312,41.79277,-87.759857,Chicago,us
14061362,41.888054,-87.629532,Chicago,us
16781472,41.910385,-87.681648,Chicago,us
12390862,41.784779,-87.610031,Chicago,us
12458962,41.948875,-87.649803,Chicago,us
12458872,41.972313,-87.669685,Chicago,us
12467332,41.9659,-87.688446,Chicago,us
12458792,41.972313,-87.669685,Chicago,us
12458652,41.955326,-87.654449,Chicago,us
12439722,41.785591,-87.610909,Chicago,us
9764862,41.917728,-87.691414,Chicago,us
12325732,41.884109,-87.648705,Chicago,us
12909482,41.929131,-87.661697,Chicago,us
13313732,41.690006,-87.530731,Chicago,us
12476712,41.891987,-87.633896,Chicago,us
12564982,41.883274,-87.660034,Chicago,us
6384452,41.785976,-87.59697,Chicago,us
12651912,41.878113,-87.629799,Chicago,us
12703772,41.96755,-87.64612,Chicago,us
894683,41.891411,-87.628609,Chicago,us
12581032,41.880966,-87.636742,Chicago,us
7394412,41.989872,-87.71212,Chicago,us
12859432,41.896263,-87.636253,Chicago,us
808877,41.981969,-87.693356,Chicago,us
13339972,41.94293,-87.67945,Chicago,us
14065672,41.909264,-87.684151,Chicago,us
13997132,41.933178,-87.631401,Chicago,us
14846752,41.953098,-87.764679,Chicago,us
19472972,41.864731,-87.647095,Chicago,us
12824892,41.878048,-87.657272,Chicago,us
12825142,41.878048,-87.657272,Chicago,us
12806822,41.886101,-87.652275,Chicago,us
14418822,41.951565,-87.6408,Chicago,us
16123562,41.873894,-87.62136,Chicago,us
17037562,41.926311,-87.630638,Chicago,us
13483292,41.878113,-87.629799,Chicago,us
13738962,41.964401,-87.744759,Chicago,us
15302242,41.972343,-87.681717,Chicago,us
15302382,41.972343,-87.681717,Chicago,us
13368472,41.880329,-87.637512,Chicago,us
13337112,41.983936,-87.655411,Chicago,us
13511182,41.870594,-87.624046,Chicago,us
13657472,41.941528,-87.662231,Chicago,us
13402362,41.90131,-87.68277,Chicago,us
16935372,41.874405,-87.630592,Chicago,us
17019952,41.873505,-87.63031,Chicago,us
19111712,41.90815,-87.67627,Chicago,us
13765202,42.003937,-87.67998,Chicago,us
14174562,41.910545,-87.65242,Chicago,us
18928612,41.814693,-87.60804,Chicago,US
11282052,41.878113,-87.629799,Chicago,us
14595622,41.95888,-87.68164,Chicago,us
14595592,41.958881,-87.681641,Chicago,us
14739962,41.893318,-87.629723,Chicago,us
11202712,41.921707,-87.668854,Chicago,us
15019252,41.885162,-87.660416,Chicago,us
15660442,41.888889,-87.633064,Chicago,us
17607532,41.941643,-87.728477,Chicago,us
18895212,41.881218,-87.63752,Chicago,us
11527602,41.902634,-87.634071,Chicago,us
18518332,41.886456,-87.624123,Chicago,us
15116222,41.921024,-87.710358,Chicago,us
7951662,41.973892,-87.722038,Chicago,us
15251262,41.956215,-87.722885,Chicago,us
15228782,41.932152,-87.645111,Chicago,us
12901362,41.94762,-87.690697,Chicago,us
16322002,41.926174,-87.791634,Chicago,us
9450472,41.93523,-87.662582,Chicago,us
16050772,41.924343,-87.710709,Chicago,us
18067222,41.932716,-87.645439,Chicago,us
16007202,41.758053,-87.622017,Chicago,us
19352502,41.884491,-87.624428,Chicago,us
16145652,41.930134,-87.699989,Chicago,us
12390132,41.945435,-87.70652,Chicago,us
16628742,41.878113,-87.629799,Chicago,us
17299032,41.872601,-87.651428,Chicago,Un
16043452,41.882271,-87.632797,Chicago,us
16902012,41.885162,-87.660416,Chicago,us
17739022,41.957924,-87.649673,Chicago,US
11914112,41.940346,-87.646065,Chicago,us
4541662,41.952881,-87.644348,Chicago,us
17750252,41.795269,-87.580849,Chicago,us
17835992,41.895649,-87.700584,Chicago,US
18019972,41.707355,-87.670494,Chicago,US
18688372,41.898792,-87.6488,Chicago,US
18688442,41.898792,-87.6488,Chicago,US
18705822,41.898792,-87.648804,Chicago,us
18278072,41.796814,-87.593185,Chicago,us
18244302,41.956261,-87.722916,Chicago,US
16261232,41.997784,-87.660507,Chicago,us
18249162,41.990307,-87.715401,Chicago,US
18364002,41.707802,-87.890602,Chicago,us
18482002,41.968723,-87.783752,Chicago,us
18498272,41.942749,-87.790199,Chicago,us
7284782,41.952286,-87.674576,Chicago,us
18958702,41.953091,-87.661217,Chicago,US
18957952,41.952942,-87.661415,Chicago,us
