0,823,1933,1214,1156,861,444,1995,1541,958,174
1,1699,944,1440,1447,6,1621,591,1480,1322,1640
2,92,31,1637,74,35,1197,1796,8,498,1993
3,958,823,1933,1447,1969,1511,31,591,444,1214
4,513,327,7,171,1783,799,1869,2034,174,1581
5,168,1833,727,513,14,7,483,1783,1042,221
6,727,1381,1993,221,1833,1775,1118,168,852,1588
7,74,823,92,498,1933,1637,444,1197,357,1214
8,1512,1054,1010,1751,1764,1355,1283,1058,1705,582
9,174,1869,1144,804,1284,524,1046,698,591,2059
10,410,1588,513,327,171,799,7,1937,2034,958
11,1664,738,1725,299,109,881,1721,274,546,648
12,513,327,171,2034,7,1783,799,1581,1588,410
13,174,1869,1447,1969,1511,1581,205,591,571,1937
14,1064,375,1718,1018,806,1684,677,1133,903,122
15,1937,376,1740,1447,1111,2054,591,1577,1719,1869
16,174,1869,1937,410,2054,1588,513,1350,327,799
17,205,1384,156,1969,794,193,262,1511,23,934
18,1355,1764,1054,1283,1751,1118,95,1705,1512,582
19,991,1480,791,944,1750,2068,871,1447,591,1064
20,31,1796,1637,823,1933,1197,1214,498,357,92
21,571,798,156,193,23,205,1384,1969,561,1511
22,1637,92,1796,74,498,1197,31,8,456,35
23,171,327,513,799,2034,1783,7,1937,410,1588
24,513,1783,799,7,171,327,2034,174,1588,410
25,1512,1764,1054,1010,1751,1058,1705,582,1355,1283
26,92,1197,8,35,1637,74,1993,31,357,1796
27,168,1869,1577,1740,1111,376,31,727,1993,749
28,1241,93,1833,852,44,1869,779,299,749,727
29,1440,6,1699,1640,823,1322,561,1621,1156,1933
30,1621,1699,1322,561,1440,6,1640,1308,116,1870
31,1447,591,1511,1969,571,205,262,1621,193,6
32,1322,561,1699,6,1440,1621,1640,513,410,7
33,174,1869,1447,591,1937,99,1581,1781,513,327
34,174,1869,1447,591,92,1197,35,31,1969,1637
35,174,1869,697,823,1201,1332,1933,958,918,1781
36,95,1923,1664,738,93,168,1009,881,1725,117
37,92,31,1637,35,74,8,357,498,1993,1796
38,1969,174,205,1869,262,571,193,934,798,1384
39,1749,440,609,2054,613,1186,301,483,255,1283
40,410,6,1621,1699,1581,1588,1511,2013,1640,1322
41,1447,1621,591,7,1640,1440,6,513,561,1699
42,513,799,327,2034,171,7,1783,1588,410,1581
43,1783,1937,1699,171,7,327,2054,799,513,6
44,1969,513,410,1511,1621,174,1640,1322,6,1869
45,1637,31,74,1796,92,1993,8,35,1197,357
46,1933,823,1214,1995,861,444,1156,1541,958,1581
47,513,1621,1322,7,561,327,6,1699,171,1440
48,31,92,1637,8,35,74,498,1796,958,1993
49,823,1214,1933,1995,444,1156,861,1541,1637,31
50,1588,174,1869,410,561,958,1969,1699,1621,1144
51,174,1869,1581,513,327,7,1447,591,799,1937
52,327,513,171,92,31,799,1637,2034,958,7
53,6,561,1640,1440,1699,1322,1621,7,513,1783
54,174,1969,195,1869,1384,1511,205,571,262,193
55,168,881,1705,582,1751,1058,1762,1144,1512,621
56,1869,174,7,1740,727,1588,934,1783,1585,327
57,513,7,171,1869,1783,327,799,174,2034,609
58,31,1993,1637,92,1796,8,958,498,74,357
59,1775,711,1749,1143,1381,1281,1118,1539,1010,1512
60,168,1143,711,1058,1833,1381,1281,1512,1283,1054
61,168,93,1281,1539,1833,1118,1649,1749,749,1775
62,513,7,327,171,1783,799,2034,168,410,1588
63,513,327,799,2034,7,171,1783,410,1588,1581
64,513,92,327,1581,7,1937,31,1404,799,171
65,498,1637,35,1197,1581,92,8,1796,74,1993
66,31,92,1637,1796,35,74,8,1197,1993,498
67,513,7,1783,171,327,799,1322,2034,1621,1640
68,174,1869,1447,697,591,958,581,1201,1404,99
69,727,221,1833,14,93,1396,852,749,376,1111
70,174,1869,934,1046,1032,1342,1066,475,298,1567
71,301,1721,1183,65,670,274,1873,948,1520,1672
72,1447,193,571,697,156,1511,591,195,23,1969
73,1621,1699,6,1440,1640,561,1937,1322,1783,7
74,410,1588,174,513,1869,799,99,2034,1937,1404
75,1512,1705,1764,1355,1751,1010,1054,1283,1058,582
76,1637,31,8,357,92,498,74,1796,1993,456
77,1937,2054,1350,171,327,799,7,1783,2034,513
78,403,1958,200,670,1725,1664,948,1672,128,1183
79,1898,122,594,2043,823,172,1851,2065,759,1844
80,262,205,1511,1447,798,1581,1023,591,193,513
81,205,1511,193,23,195,934,798,794,1969,1384
82,301,1721,274,1873,948,1520,224,1183,65,474
83,74,92,8,1637,357,958,1993,498,1796,31
84,7,513,799,327,1783,171,1588,1869,1937,2034
85,991,944,1750,1480,2068,791,871,528,1851,172
86,174,1937,1869,513,2054,7,799,1350,327,1581
87,513,7,1783,327,799,171,1588,2034,410,1869
88,168,727,958,1740,376,1721,840,749,1577,1111
89,531,1624,719,1961,881,337,1649,691,1740,1692
90,7,513,168,1869,609,483,1783,1406,327,727
91,1404,172,991,1750,679,2065,871,174,1480,791
92,727,221,1833,14,93,1396,852,749,376,1111
93,1937,1447,174,2054,591,1869,1350,1480,991,227
94,1447,591,1621,1480,991,944,1750,1064,871,1699
95,174,1869,991,944,1447,791,591,1480,871,2068
96,1054,1010,1705,1512,1751,1764,1058,1355,1283,582
97,1883,616,1330,1476,1022,731,1405,794,1396,1308
98,498,1796,92,456,1993,1197,1637,74,8,357
99,823,1933,444,1214,31,1637,92,1156,1995,1993
100,798,794,1384,934,262,571,1511,1440,1969,205
101,410,1404,2054,1937,1588,1350,227,172,1439,2065
102,1637,92,74,1197,8,35,31,1796,1993,357
103,670,1529,274,546,65,1520,224,1405,358,731
104,92,74,1637,31,1197,8,498,1993,35,1796
105,1054,582,1058,1751,1355,1512,1764,1283,1705,1010
106,1512,1705,1355,1054,1764,1751,1058,1010,1283,582
107,513,1511,7,799,171,2034,571,205,798,1969
108,410,174,1588,1937,1869,2054,513,1350,1447,591
109,1480,823,1214,444,1933,1995,861,991,1750,1156
110,1923,1725,1649,1664,1856,1961,299,763,43,301
111,174,1869,1511,1969,156,798,571,934,205,195
112,531,434,1624,1447,1779,1692,691,1951,1387,1009
113,95,1923,93,1664,1649,763,738,1725,881,299
114,1440,1322,561,1637,958,1699,498,8,6,1621
115,168,1833,727,14,221,93,1721,749,1111,1725
116,727,221,1833,14,93,749,852,1396,117,1779
117,410,1588,1322,513,171,1640,327,561,6,799
118,171,327,7,1783,799,513,2034,1214,861,1995
119,1637,74,31,1993,8,498,1796,357,1197,92
120,168,376,1111,14,1577,1740,749,1192,727,1372
121,513,1404,799,327,171,2034,7,1581,1783,410
122,958,289,794,156,1387,44,2037,1384,1637,205
123,1511,571,1969,1699,195,205,1440,798,1640,1621
124,1869,174,823,1933,1214,1156,861,1781,1588,581
125,168,727,1833,749,14,93,852,221,840,1396
126,1869,174,156,934,23,1969,205,571,1384,794
127,174,1869,958,1937,823,1214,1933,444,1581,1447
128,92,35,1197,1637,74,1796,31,498,1869,1581
129,7,1783,327,171,513,2034,799,1869,1588,712
130,513,2034,799,7,171,327,1783,1937,410,1588
131,1404,1581,1973,1439,410,2054,1447,1350,823,1937
132,513,1588,7,410,171,327,1783,799,2034,1937
133,727,1833,14,221,93,1396,376,852,1283,749
134,1718,1684,806,1064,375,7,1018,677,1581,2034
135,823,958,1933,1214,1637,444,498,31,8,92
136,301,1183,1721,1281,1118,1749,1539,274,65,1873
137,513,171,799,327,1783,958,2034,7,410,1588
138,168,712,1775,1783,1118,1322,156,561,1749,1232
139,513,327,799,171,7,1783,2034,1588,410,1581
140,513,327,171,7,799,2034,1783,1581,1588,410
141,513,327,171,7,799,2034,1783,410,1588,174
142,513,327,171,2034,1581,1783,799,7,1937,1588
143,410,513,1581,174,7,31,799,327,1869,92
144,1937,2054,410,1350,1588,513,823,327,1404,965
145,7,513,327,799,171,174,1783,1869,410,1588
146,168,1740,376,1719,327,727,268,14,1577,1545
147,174,1869,513,410,1588,327,2054,1937,799,7
148,513,1588,799,171,327,1783,7,410,2034,1440
149,301,1721,1183,763,274,948,65,670,1672,1118
150,1725,128,168,1856,93,1381,1833,117,648,337
151,1322,1640,7,1783,1869,513,1621,1350,2054,799
152,92,1637,1796,8,357,1993,74,1197,498,31
153,513,327,7,171,2034,1783,799,677,1447,1133
154,1637,31,74,92,1796,1197,1993,35,8,498
155,513,327,7,171,1783,2034,799,1581,6,1588
156,1869,174,1197,31,1637,35,74,92,1993,1796
157,1937,2054,1869,1350,1192,255,852,1783,7,440
158,1869,174,1511,1969,205,531,23,92,2054,1937
159,195,1350,205,1511,23,934,958,1719,193,799
160,513,7,171,327,1783,410,799,2034,6,1581
161,171,513,327,7,799,1783,1637,648,2034,456
162,712,43,513,7,1783,168,727,1740,799,609
163,1511,205,195,571,193,798,262,156,1384,1969
164,410,1588,513,327,171,799,7,2034,1783,1937
165,513,7,171,327,1783,799,2034,1869,410,1588
166,648,1721,168,711,1775,301,299,712,727,1749
167,513,7,171,799,327,2034,1783,410,1588,364
168,410,174,1588,1869,697,1969,1201,1332,35,934
169,174,1869,410,513,327,799,1581,7,1588,171
170,513,410,327,7,174,2034,1581,1783,799,171
171,1869,174,958,513,1969,327,171,7,799,1937
172,823,1214,1933,958,861,92,31,444,35,1156
173,1480,944,2068,791,1750,991,871,1447,591,1851
174,168,410,1588,156,1740,7,794,1869,1111,174
175,174,513,1869,327,799,7,410,2034,1969,171
176,1480,991,944,2068,871,1750,791,172,1035,1793
177,174,1869,513,7,799,2034,327,591,1447,1581
178,1621,1937,561,1869,6,1440,156,1783,1640,7
179,823,1214,1933,1156,444,1995,861,174,1541,434
180,1933,958,1447,591,92,1214,74,823,1637,1197
181,1322,7,513,1440,1621,1783,6,561,1640,171
182,168,1725,93,1856,852,1740,376,1923,1577,1111
183,174,1869,410,1937,2054,513,1588,1581,327,2034
184,1869,174,410,1588,2054,1781,1937,581,99,1404
185,513,1869,799,174,327,410,1588,171,7,2034
186,513,799,1937,1588,7,327,2034,171,410,2054
187,92,498,1637,31,1796,35,1197,8,74,1993
188,727,1833,221,14,93,1396,749,852,1111,1058
189,823,1214,1933,444,1156,1995,861,1541,1684,1018
190,6,1621,1699,1440,1322,1640,561,2054,1969,1937
191,513,1581,327,7,799,171,2034,1937,1350,1621
192,1783,7,513,171,799,327,2034,1588,168,255
193,1322,561,1440,6,1640,7,799,171,410,1621
194,6,1699,1621,1440,1322,561,1447,1640,591,262
195,92,35,1637,498,31,1796,1197,1993,8,74
196,92,498,410,35,8,1796,456,74,1197,1637
197,1933,823,1214,444,1684,1995,991,1480,861,1156
198,1833,14,221,727,93,852,1396,749,1703,168
199,1869,174,1637,74,1581,958,1993,498,31,1796
200,1447,591,1440,1621,1699,6,561,1640,1322,1511
201,1699,1440,561,1621,1322,6,1640,1969,195,571
202,92,1637,31,74,8,1197,1796,498,35,357
203,561,1322,410,44,2037,1640,1621,1588,2054,1440
204,1447,591,1144,909,1023,804,1915,2059,68,524
205,168,1833,749,727,14,852,1869,221,93,1192
206,327,513,171,7,799,2034,1783,1581,1588,410
207,7,799,513,1783,2034,171,327,1588,168,591
208,168,1833,93,14,727,221,749,852,1721,1869
209,1621,1699,561,6,1322,1640,156,1440,1775,571
210,31,92,1637,498,1197,1796,35,74,8,958
211,1869,174,1581,958,1921,1332,1511,1719,513,171
212,1197,357,1796,92,35,31,74,1993,1637,8
213,410,1588,2054,561,513,1640,1440,1937,1322,1699
214,1775,648,1281,1118,109,1749,1058,1381,1512,1764
215,6,1322,561,1699,1621,1640,1440,1937,174,1447
216,823,1933,1214,861,1995,1156,444,1541,958,1637
217,1404,174,1937,513,1581,410,1201,958,1322,1699
218,2054,1350,561,1640,1937,6,1699,1322,1308,1440
219,561,1699,1440,1322,1621,6,513,1640,7,799
220,823,1933,1214,958,92,31,1197,444,35,74
221,1781,581,99,870,8,1937,2054,31,823,1214
222,376,1577,1833,727,14,1725,168,1111,221,712
223,852,1281,1118,1923,1381,93,440,1833,1192,609
224,1009,1779,1387,117,1951,740,1447,591,531,804
225,1064,1018,1684,375,806,1718,172,528,991,1480
226,1480,991,944,871,2068,1750,791,172,528,905
227,1833,14,727,221,852,93,749,1396,168,1111
228,1447,591,174,434,1937,1869,531,1581,823,2054
229,410,1588,1937,174,561,1869,1322,1621,1640,1699
230,174,1869,1511,205,1969,798,195,934,262,571
231,357,92,74,1197,1637,456,1018,1993,1796,8
232,823,1404,1933,888,444,861,990,1214,942,1541
233,513,410,1588,171,327,1783,2034,799,7,1581
234,1018,677,1684,375,1133,1718,806,1064,2043,1844
235,1833,727,221,14,93,852,1396,749,1111,376
236,513,327,7,171,799,1783,2034,1581,1637,174
237,327,513,171,7,1783,2034,799,1869,255,1779
238,327,513,171,799,1588,2034,410,7,1783,958
239,513,410,1588,1783,171,327,2034,7,799,609
240,513,7,171,327,2034,1783,799,1621,1440,561
241,7,513,171,1783,327,799,2034,1588,410,364
242,513,174,571,7,2034,1869,1511,1384,327,171
243,513,799,7,2034,327,410,1783,1588,171,2054
244,513,171,1783,327,7,2034,799,1581,1588,1937
245,958,92,1637,31,8,1322,525,823,357,74
246,8,1637,498,31,1796,74,44,92,357,35
247,128,109,403,1583,14,299,1833,405,221,1381
248,410,1588,1144,174,1046,2059,1567,1869,995,698
249,327,513,171,2034,7,799,92,31,1637,1783
250,174,1869,113,1969,1284,1567,1144,1581,698,513
251,174,1869,410,1588,1937,2054,958,697,1350,1781
252,301,1721,1281,1118,1749,1183,1539,1381,1775,1143
253,823,1933,1214,1156,1995,444,861,1541,958,1637
254,823,498,444,1214,1933,1993,861,1796,1637,1197
255,327,7,171,1869,799,174,513,1588,410,2034
256,513,327,7,171,799,823,1783,2034,1933,1214
257,991,944,1480,1750,791,2068,871,172,888,528
258,174,1869,1933,823,35,92,1197,444,1214,498
259,1447,174,195,1969,591,571,798,205,1511,193
260,1355,1751,1764,1054,1010,1058,582,1512,1705,1283
261,92,35,31,1993,1637,498,74,1796,1197,8
262,1064,1018,375,806,1718,823,1404,1973,1684,861
263,528,172,1851,2068,991,1035,2043,1750,1844,679
264,1725,712,1010,1577,1856,1664,1740,403,43,738
265,156,1969,1384,205,958,794,262,571,193,44
266,1404,513,410,1937,174,7,1201,1581,799,171
267,591,1447,1144,909,1915,1567,1023,113,995,524
268,174,571,205,1969,156,1511,1384,193,1869,934
269,823,1933,444,958,1214,1156,513,1995,1581,1541
270,1783,327,171,7,513,799,1833,2034,14,648
271,1775,1381,1749,1143,128,711,1118,948,403,1281
272,1937,2054,958,92,1350,31,1197,410,8,1637
273,43,1637,712,1058,1764,1751,1512,1705,1993,1283
274,7,513,1783,171,327,168,799,2034,1740,1588
275,92,31,1637,327,513,498,35,74,8,1197
276,174,1869,791,1447,1750,991,944,2012,591,1480
277,823,513,1933,1214,327,1588,958,171,410,1581
278,1937,591,1350,1869,168,1719,2054,1058,1447,1948
279,823,1933,1214,444,1995,861,1156,1541,1796,74
280,1276,942,990,888,1488,2012,1770,1652,378,236
281,513,171,327,799,7,2034,1783,1322,1440,1621
282,1588,113,174,524,1869,410,1932,327,1066,513
283,1869,168,174,7,2054,513,799,1937,790,1783
284,1511,205,798,1969,262,571,934,195,193,1384
285,1480,174,991,944,871,791,1750,2068,172,1869
286,301,1721,1183,763,1749,1775,1118,1281,1961,1381
287,174,410,1284,1144,1588,995,698,1023,513,1869
288,92,1637,1869,31,8,35,174,1197,74,498
289,991,1480,1197,1447,791,1581,92,944,174,823
290,1851,172,1480,122,594,942,888,839,521,1488
291,43,609,513,712,171,7,327,1740,1061,109
292,513,410,799,7,327,1783,1588,171,2034,1937
293,1322,1621,6,1640,561,1699,1440,1192,227,1948
294,168,1937,1350,410,1588,965,2054,727,1097,1869
295,1197,92,498,35,8,456,74,1796,1993,1637
296,92,1796,498,456,1637,74,8,357,31,1993
297,513,7,171,1783,799,1588,2034,327,1440,1621
298,823,1933,1214,1156,444,1541,861,1995,1322,561
299,1937,2054,1350,92,958,1197,1447,31,498,174
300,410,1581,174,697,513,1588,1869,1201,1937,1447
301,410,513,2054,1937,327,1581,1588,174,1350,1869
302,156,798,571,1511,193,1384,1969,262,205,934
303,1725,1010,711,1856,1281,1054,299,1775,109,1381
304,2068,991,1851,791,172,679,1750,1035,1480,944
305,823,1933,444,174,861,1214,1133,1447,677,1018
306,1440,1699,1621,6,561,1322,958,1308,44,117
307,1064,1018,806,375,1684,1718,1851,2065,172,729
308,92,31,1637,35,1796,8,498,1197,1993,74
309,1284,1581,698,1586,1066,2059,995,422,679,1308
310,1725,1856,697,1740,1577,712,738,1010,1958,934
311,513,799,1783,171,2034,7,1937,591,1447,327
312,410,2054,1588,1937,1350,6,1699,692,561,591
313,1355,582,1058,1705,1512,1054,1283,1751,1010,1764
314,823,1933,1214,1404,1937,1480,2054,444,1156,227
315,168,7,1111,376,840,2006,14,420,1577,1833
316,513,2034,799,410,327,1581,823,1937,171,7
317,174,1869,7,1783,513,327,171,799,2034,1588
318,1637,92,1197,357,31,1993,74,498,1796,8
319,513,327,7,2034,92,171,799,1637,31,1993
320,1796,1637,31,357,74,92,1197,1993,8,498
321,958,823,1214,1933,1156,444,861,1404,1581,31
322,1588,1511,23,571,410,193,513,195,934,1384
323,1621,1440,1322,6,1699,561,1640,1915,698,2059
324,1937,1869,958,174,2054,591,410,1440,1201,561
325,513,7,171,1783,327,799,2034,1740,727,1869
326,7,1440,1869,1621,327,513,1699,561,799,1322
327,1624,531,963,1692,434,719,1447,591,174,691
328,7,799,513,1783,2034,327,171,1511,1621,195
329,1833,221,14,727,93,1396,852,749,1111,376
330,823,1933,1214,861,444,1995,1541,1156,1684,958
331,1588,410,174,1869,513,171,327,799,1783,7
332,513,1937,327,1588,410,823,7,171,1783,2034
333,591,1447,1621,1440,6,1699,561,1640,2059,1322
334,1764,1355,1751,1058,1512,1054,1705,1010,582,1283
335,1751,1010,1355,1512,301,1923,1183,1283,1054,1764
336,174,1869,410,1969,35,1937,513,1637,1197,92
337,881,1534,1405,912,65,1520,731,523,670,1751
338,823,1933,1214,444,861,1995,1541,1156,498,1637
339,1511,798,23,1705,571,1384,1058,195,582,1054
340,513,1869,174,410,7,799,327,2034,1588,1511
341,174,1869,1933,823,1214,444,35,591,1995,31
342,823,1214,1933,861,444,1995,1156,1541,1637,498
343,1276,1488,846,236,1961,990,1652,1740,942,1770
344,1937,7,513,1783,799,171,174,1869,2034,327
345,1018,1684,1064,1718,375,806,677,1933,991,444
346,1869,174,934,1511,195,1969,205,571,798,7
347,823,1933,1214,1447,174,6,861,444,1156,1322
348,1664,738,1192,870,364,375,301,1923,1950,1721
349,1018,1064,375,1133,677,1718,1684,806,991,1750
350,958,1869,31,1350,1937,1637,1719,35,1993,92
351,1833,14,221,727,93,1396,852,749,1111,376
352,1480,1851,1035,1156,1108,729,944,1219,172,375
353,171,327,513,1783,7,799,2034,1588,609,2013
354,1511,1621,1447,1699,571,1969,193,561,1440,205
355,513,799,327,410,171,7,1588,1783,2034,1869
356,1637,31,498,8,1796,1993,35,92,74,357
357,513,327,799,7,410,2034,171,174,1588,1783
358,174,1869,513,410,327,7,799,1588,171,1783
359,168,1833,727,93,1396,1937,364,749,1192,268
360,8,1637,357,1197,92,31,1796,74,498,1993
361,31,958,92,1637,74,35,8,1796,1993,1197
362,1833,221,14,727,93,1396,749,852,376,1111
363,156,205,1384,1969,794,193,44,934,958,262
364,513,327,1009,168,171,1387,117,1581,376,7
365,679,172,1851,729,1035,2065,2043,1108,521,594
366,1851,2043,172,528,729,1844,521,2065,759,1035
367,92,1637,8,1993,31,1197,74,35,498,456
368,1447,991,1937,944,2054,871,791,7,1350,1718
369,1440,1699,6,1621,174,1640,1322,561,1869,1937
370,255,1192,440,1186,483,609,171,43,1022,613
371,174,1869,1588,410,1284,2059,1567,1046,804,513
372,798,1927,1061,299,1814,1143,1281,405,1923,1856
373,156,1384,205,571,1621,193,262,195,934,1440
374,1387,117,1381,1705,1009,1923,1725,1355,95,1951
375,168,727,93,749,14,1833,852,1404,1512,1372
376,174,1869,513,327,99,1781,1937,1581,2034,7
377,727,1833,221,14,93,1396,852,749,1111,376
378,1447,591,1144,1046,113,696,1932,68,174,1915
379,1214,823,1933,958,444,1156,1995,861,1637,1581
380,1851,1064,1018,521,375,172,1718,2043,1684,2065
381,1404,174,1969,1869,1581,1511,794,262,958,1384
382,823,1937,1214,92,958,1637,1933,31,1197,1993
383,174,1869,958,31,1581,92,35,1637,1197,1796
384,513,327,171,799,7,2034,1783,823,1933,1869
385,327,513,171,1783,799,7,2034,1588,410,1781
386,1937,2054,1581,1869,1350,255,440,960,1719,870
387,1993,1796,1387,74,8,1637,92,357,498,31
388,174,1447,1969,1869,92,35,591,193,1197,31
389,7,171,1783,799,1937,327,779,1853,2034,513
390,174,1869,7,513,799,327,1588,1969,410,1783
391,798,195,1511,205,1384,571,1969,156,193,262
392,92,958,31,1637,498,35,823,8,1796,74
393,168,14,1833,93,376,221,1111,727,1577,749
394,1064,1718,1684,375,1018,1851,2065,806,1035,122
395,794,934,205,571,1969,727,1032,1046,1342,798
396,168,1833,727,1721,14,93,1725,1372,1577,648
397,696,205,1023,1915,698,909,787,262,995,1022
398,1512,1054,1751,1705,1010,1764,1355,1058,1283,582
399,301,1721,1183,948,274,224,1520,200,65,1873
400,1725,1054,1512,1721,1010,1751,1355,1856,1058,1705
401,1937,2054,1719,823,958,174,1869,1404,1214,1581
402,513,7,171,327,799,1783,2034,591,1447,174
403,1844,839,679,1592,1035,729,1851,594,1898,2065
404,727,1856,1406,168,1725,483,852,1054,677,1192
405,410,1937,2054,1588,174,1350,1869,513,1404,958
406,92,1637,31,8,74,1993,1197,35,498,1796
407,6,1440,1699,561,1322,1640,1621,1969,958,262
408,274,1764,1520,65,1355,670,1405,948,731,1534
409,1447,591,92,1197,1637,35,498,1480,434,31
410,1933,1214,823,1156,1995,861,444,1541,958,498
411,171,327,513,7,1783,799,2034,410,1588,1350
412,1621,1322,1640,561,6,1699,1783,1440,171,7
413,1933,1447,92,591,958,498,1404,823,35,1197
414,95,1923,1725,117,1951,1355,738,1705,93,1664
415,1684,1447,1064,1718,1018,375,531,591,806,963
416,174,1969,1511,262,1869,571,934,798,193,1384
417,205,35,31,92,8,1511,1637,193,1993,1796
418,1018,1064,375,1718,806,1684,677,823,1133,444
419,513,410,1588,799,1581,327,561,1322,6,958
420,1064,1018,1684,375,1718,806,903,1851,677,2065
421,1009,1779,1387,117,1951,740,1405,474,523,881
422,1833,14,727,221,93,1396,852,749,1111,376
423,1869,174,1440,1699,1322,1640,561,934,6,1969
424,1588,410,1937,1350,513,2054,1783,171,327,799
425,513,7,327,1783,799,171,2034,174,1869,1588
426,174,1869,1937,1588,410,1969,2054,1781,581,1511
427,168,1058,301,1705,1751,677,1355,1512,1283,582
428,991,1404,1480,944,791,1750,871,1064,2068,1718
429,1637,92,1993,74,31,1796,1197,8,357,35
430,513,171,327,7,2059,799,696,113,1783,1023
431,1637,92,31,958,8,1581,35,498,513,327
432,1869,513,7,327,799,1156,171,1783,823,1214
433,92,31,74,1637,8,1993,1197,498,35,1796
434,1621,1440,6,1699,561,1322,1640,195,193,205
435,410,1588,513,174,697,799,1581,171,1869,327
436,92,1197,31,1637,498,1796,357,74,1993,8
437,174,823,1581,1869,513,2013,444,1781,327,171
438,1447,174,1404,410,1937,888,942,227,591,990
439,410,513,1588,1869,174,327,1511,156,171,799
440,1637,92,31,35,74,8,357,1261,1993,1197
441,174,205,1511,513,1969,798,7,1583,262,405
442,513,1937,958,327,2054,799,1350,31,7,410
443,1480,991,944,1750,1447,871,791,2068,174,591
444,301,1721,1183,763,1961,1281,1873,948,65,1118
445,1640,561,6,1322,1621,1699,1440,1937,2054,1308
446,991,1480,1750,871,434,2068,791,172,944,963
447,1447,591,174,944,1480,991,1969,1511,195,156
448,174,92,31,1637,823,498,1796,1869,74,958
449,168,1281,1775,1118,1381,711,1143,1749,1539,727
450,1440,1699,6,561,1322,1621,1640,958,44,289
451,1058,364,1355,1054,1937,1281,1010,1283,1764,1751
452,513,410,799,327,7,1588,174,1783,2034,171
453,1480,944,2043,1750,871,991,1035,2068,791,528
454,410,1969,1588,1699,798,262,561,195,1440,934
455,1721,1725,43,712,1058,648,738,1856,168,1577
456,31,92,1637,8,74,1993,1796,958,35,357
457,1581,513,327,171,799,2034,7,1969,1588,410
458,1649,299,109,763,1961,1387,1577,117,1009,1951
459,1699,6,1440,1621,1719,1322,1770,1201,1640,823
460,513,327,7,171,2034,799,1783,1588,1937,2054
461,513,327,7,799,2034,171,1581,1783,1869,174
462,823,1933,1214,444,861,1995,1937,1480,888,1541
463,7,327,513,171,1783,799,2034,1588,410,268
464,174,958,1869,1637,31,444,823,92,1969,74
465,1933,823,1214,444,1156,861,513,1995,327,1541
466,1404,1447,92,958,410,1937,174,327,31,513
467,513,327,171,799,7,1783,2034,174,1588,410
468,92,498,1197,1637,35,8,1993,74,456,31
469,327,171,1783,799,513,7,2034,1637,92,1588
470,7,799,171,1783,513,327,2034,1869,671,174
471,205,156,174,571,1511,1384,934,193,195,262
472,1869,174,92,958,35,1197,410,1201,74,31
473,289,1144,995,698,1023,524,1915,1284,909,1567
474,1937,2054,1350,1869,1781,99,92,1056,2037,1712
475,205,1511,1969,798,571,195,934,1384,23,262
476,1775,711,1143,727,949,1381,1281,1749,1118,1539
477,513,327,7,171,799,1783,2034,1588,410,1581
478,1480,944,991,1750,2068,1018,528,791,871,172
479,221,727,1833,14,93,852,749,1396,376,1111
480,513,7,1783,171,799,327,2034,168,1581,1869
481,171,410,799,7,1783,1588,1583,327,513,1621
482,513,327,171,1783,7,799,2034,823,410,1214
483,1621,1322,6,1440,1640,1699,561,1201,958,1937
484,513,327,2034,799,7,171,1783,823,1933,1581
485,1480,1933,1214,823,991,591,944,444,1447,1995
486,174,1869,1937,410,1588,513,35,1197,2054,1350
487,1588,364,410,1783,7,513,799,171,609,268
488,1933,823,1214,1995,444,1156,861,1541,31,1796
489,513,327,171,1783,7,2034,799,697,174,1921
490,1440,1621,1322,6,1699,561,1640,1937,2054,1447
491,958,44,2037,289,31,8,498,1993,1637,92
492,787,1583,405,1022,1023,1046,1932,1144,995,1621
493,168,117,1387,1779,1009,1721,93,546,65,948
494,823,1933,92,958,1214,444,327,1156,513,1637
495,823,1404,1637,1933,92,498,1214,1993,861,8
496,31,8,1637,92,74,1796,35,1197,1993,498
497,1923,95,1725,1355,1705,93,1764,1381,1751,1118
498,168,1512,727,1054,1577,1058,1111,93,1833,1283
499,6,1699,1322,561,1621,1440,1640,1969,571,156
500,35,823,92,498,31,1637,74,8,1214,1197
501,1933,1214,823,444,1156,92,1541,1995,861,74
502,958,1637,31,92,44,1993,35,2037,498,74
503,168,727,1833,221,93,1740,1111,749,14,1143
504,168,1721,671,93,376,1534,763,712,738,474
505,1833,1649,14,1740,727,1961,376,852,221,1577
506,1447,1937,591,2054,1684,1350,227,888,1718,677
507,174,1869,1144,1588,410,1781,581,1915,696,99
508,513,327,171,7,799,2034,823,1783,1581,1933
509,301,1721,948,1873,274,1183,819,474,200,65
510,513,1937,174,1869,327,823,799,410,1350,1581
511,92,31,1637,8,1197,498,74,35,958,1993
512,1969,1447,1511,571,205,591,193,156,195,262
513,1844,2043,172,1035,1851,729,1800,1592,2065,521
514,513,7,799,2034,171,327,1783,195,1969,193
515,1833,1387,1637,727,117,1779,221,697,456,1951
516,513,410,1937,1588,1192,609,2054,327,483,1350
517,31,92,1637,35,498,1796,1197,1993,74,958
518,1869,174,513,410,7,1588,327,799,1969,1937
519,327,513,7,1783,171,799,2034,1725,779,1406
520,92,31,1637,74,1796,498,357,35,1197,8
521,1637,823,498,1993,92,8,74,31,1214,977
522,1833,14,221,727,93,852,1396,749,1111,376
523,92,31,1637,35,74,1993,498,8,1796,1197
524,174,1581,1447,591,991,791,1869,679,1480,172
525,1064,1718,1018,1684,375,806,991,677,1480,903
526,1869,1833,174,2054,1583,1022,1937,1511,410,221
527,1511,205,571,262,934,1384,794,1969,193,798
528,1869,958,174,92,1404,990,2054,1197,1937,31
529,591,2054,1350,1447,1937,1581,958,410,1404,1869
530,513,7,799,2034,327,1783,171,174,1588,1969
531,7,1783,799,513,171,327,2034,1833,168,727
532,991,1480,944,791,1750,871,591,2068,1447,174
533,513,1637,958,799,1869,1581,327,31,74,92
534,410,1404,1588,513,799,1439,958,171,7,1783
535,531,1692,1624,963,719,434,691,1447,1133,677
536,1869,174,1969,1511,205,1581,713,958,571,262
537,1699,6,1440,1143,1640,1621,561,1775,1118,1322
538,1447,591,1937,513,1350,327,799,2054,958,92
539,327,513,171,7,1783,2034,799,1588,410,1581
540,92,327,35,31,513,1637,205,2034,1197,1993
541,1064,1018,375,1684,1718,806,677,1133,2043,1793
542,1214,823,1933,1995,861,444,1156,1541,1447,591
543,7,1684,1718,2034,799,1783,327,513,171,806
544,1447,591,513,7,1718,1581,1064,227,677,1684
545,1937,561,1621,1350,171,2054,1783,1640,327,1440
546,1447,591,6,696,1699,1023,1621,1915,1284,113
547,92,1637,498,1993,31,74,8,357,1796,958
548,92,31,498,513,35,1637,1197,1796,327,8
549,410,958,1581,1588,1322,513,823,444,1937,1350
550,591,1447,92,35,1581,1993,31,8,1796,498
551,168,671,1577,840,749,93,1740,1721,1111,1192
552,168,7,1783,799,513,749,171,1833,852,1869
553,1869,174,1781,581,1447,591,99,2013,870,696
554,513,327,174,171,2034,799,7,410,1588,1783
555,6,1440,1699,1322,1640,1621,561,1581,958,1969
556,1480,991,944,1750,871,2068,791,1447,591,1404
557,1581,174,92,1869,1637,74,1197,1993,498,1404
558,513,327,7,799,171,1783,2034,410,1588,1869
559,1640,561,6,1621,1322,1699,1440,410,1447,1588
560,1118,1775,1539,1749,763,711,221,274,1143,1833
561,1869,174,410,1100,1937,327,7,1404,799,1781
562,410,1699,958,1937,1621,1969,1440,799,1588,1870
563,727,14,221,1833,93,852,1111,749,376,1355
564,1581,498,92,1447,823,1637,35,174,1933,1197
565,1937,92,1350,327,1719,113,171,698,1144,696
566,991,871,2068,1750,791,944,1480,174,172,528
567,513,327,7,171,1783,799,2034,205,1588,1511
568,513,327,799,2034,171,7,1783,410,31,823
569,1064,1018,1684,677,375,1718,823,1933,1133,1447
570,172,528,122,905,729,1480,1851,1035,2043,1793
571,92,1637,74,31,8,1197,1993,35,498,1796
572,174,1869,1937,1350,591,2054,1447,958,410,1581
573,1118,1381,1958,1281,1749,403,1539,1143,711,168
574,513,327,171,2034,799,7,1969,571,1783,195
575,1018,1064,1133,1480,991,677,375,791,2068,1750
576,524,1284,995,1144,2059,804,696,113,1023,1046
577,1783,171,7,799,327,513,1588,2034,1118,711
578,376,1740,1111,1577,1010,1054,1512,1355,1751,221
579,195,571,798,193,205,1969,156,1511,1384,262
580,174,1637,31,1869,35,92,1993,1197,74,1969
581,1009,117,1779,1387,1833,1951,221,740,727,14
582,513,591,1447,823,327,1933,1214,799,7,444
583,1937,1350,513,327,171,7,799,2054,1783,410
584,1447,1480,172,791,591,871,991,2068,679,944
585,168,14,727,1740,221,376,1111,1833,93,1577
586,337,1022,1583,405,168,1476,289,787,711,1330
587,2054,1937,823,1350,1214,1933,958,444,92,888
588,1621,1440,561,1322,1699,6,1640,1447,1937,591
589,1637,92,74,31,1993,8,1197,498,456,357
590,327,7,513,171,1783,2034,799,1869,1581,174
591,513,327,171,799,1783,7,2034,410,1588,1937
592,1064,375,1018,1684,819,224,806,1520,1718,546
593,174,1869,1969,934,571,1511,205,195,262,798
594,1664,1779,738,117,1951,1387,1009,740,1958,420
595,174,591,1447,1869,1342,1144,804,1915,524,1932
596,168,1833,14,93,727,221,749,376,1111,1396
597,1511,156,262,798,1969,205,571,1384,23,934
598,1064,375,1018,1718,823,1684,1933,806,444,861
599,1637,1993,498,74,92,31,8,456,1796,35
600,1322,6,1640,1440,1621,1699,561,1447,591,174
601,513,799,7,1783,327,1511,2034,171,195,262
602,1511,193,205,195,262,1969,23,513,798,156
603,174,1588,513,327,410,1869,799,7,171,2034
604,738,1664,1725,1856,1958,403,1779,1387,117,1951
605,591,1447,7,513,799,2034,171,327,1624,1783
606,174,7,1869,513,1783,799,171,1511,2034,1440
607,1061,21,1814,1927,1261,1492,1697,513,171,799
608,92,1637,1933,1993,74,1214,8,498,31,823
609,591,1447,1322,1621,6,1440,1699,561,1640,7
610,1796,1993,74,31,92,958,35,8,1197,357
611,513,799,327,171,2034,7,1783,174,1869,1588
612,93,1833,14,221,1721,727,749,255,513,561
613,1933,823,1214,861,195,444,1156,1995,205,193
614,513,1783,171,327,7,799,2034,168,648,364
615,513,1588,410,327,171,799,7,1783,1581,2034
616,92,958,31,35,1796,8,1637,498,1197,205
617,174,1869,1447,410,1937,591,1350,1588,513,1404
618,591,1447,1937,2054,1350,1781,6,1581,581,888
619,1592,729,1219,1035,1851,1844,2065,679,2043,1800
620,958,92,31,8,1637,1796,74,35,1197,1993
621,7,513,1719,1869,1783,2034,799,327,1042,1332
622,1721,648,364,168,255,1833,109,1186,712,763
623,1969,174,205,524,1144,1511,1023,195,2059,1869
624,1637,1993,31,8,92,35,74,456,357,498
625,205,193,195,23,794,1384,798,156,1511,571
626,1447,591,174,1933,1937,823,227,1869,1214,697
627,174,1869,823,1581,513,958,1933,1214,444,1995
628,823,444,1933,1156,1214,1995,861,1684,958,2054
629,823,1933,1214,1937,2054,444,888,1350,942,861
630,1721,168,274,43,763,912,712,200,948,1534
631,1447,591,1322,1869,561,1621,6,1581,1440,1640
632,1764,1751,1058,1355,763,1512,168,301,1705,1283
633,1447,591,1699,262,513,1969,1511,6,1440,193
634,1637,92,74,498,357,1993,31,1796,35,1197
635,92,31,958,35,1637,1796,8,327,1993,1197
636,2043,172,1035,528,2065,1851,1793,122,1275,521
637,128,1010,1054,1764,1512,1355,1751,582,1058,1705
638,92,31,1637,498,8,1796,74,35,357,1197
639,357,1637,74,92,1993,1197,1796,8,31,498
640,1783,804,7,171,2059,524,128,1066,513,1046
641,1699,1447,1440,6,1621,1322,561,591,1640,1969
642,958,31,92,44,1637,2037,8,74,35,1796
643,174,1869,1581,1937,1447,591,1969,1781,2054,958
644,168,7,171,2034,327,1783,513,799,1192,255
645,92,456,1637,1796,8,1993,35,498,31,357
646,1637,31,92,74,8,823,498,1796,1993,1214
647,205,1969,1621,513,7,262,1511,156,1712,193
648,31,92,1637,498,35,1993,8,327,513,1796
649,6,561,1621,1322,1440,1699,1783,1640,2034,513
650,991,1750,1480,944,791,1447,871,591,2068,1404
651,117,1387,1779,1951,1009,740,221,14,1833,852
652,168,1833,93,749,7,221,14,799,1721,727
653,823,1214,861,1933,1156,444,1995,1541,1973,1404
654,823,1933,861,1214,444,1156,1995,1541,375,1064
655,513,1869,174,7,1511,1637,327,31,958,799
656,174,1869,1567,1144,2059,1915,1023,1932,1284,113
657,95,1725,738,1923,1856,1705,881,1381,1355,1751
658,7,168,1833,14,171,1783,93,727,2034,327
659,410,958,1588,513,1869,174,799,1937,327,171
660,174,1869,787,405,513,1583,1783,171,1969,7
661,92,74,498,1637,31,8,1197,357,1993,456
662,1214,1933,823,1995,1156,444,861,1541,958,31
663,1064,1018,375,1718,806,1684,1480,991,1750,1851
664,1064,1018,1718,375,1684,806,677,1133,991,903
665,205,1969,1447,92,31,262,35,958,591,195
666,6,1440,1699,1322,1621,1640,561,958,1969,1581
667,174,1869,513,410,1588,697,1581,1781,7,1201
668,301,1721,1183,763,1118,1281,1751,1749,1764,1381
669,92,31,498,1637,1796,8,357,1197,35,74
670,958,513,410,1404,327,171,92,799,1937,31
671,1447,92,1197,591,35,174,31,498,74,1796
672,1355,1058,1010,1054,582,1283,1705,1512,1764,1751
673,168,749,1577,14,1111,1740,840,1833,376,93
674,174,1869,2054,410,1937,513,1588,799,327,1350
675,92,31,1637,1993,958,498,1197,74,35,456
676,93,221,727,14,1010,1833,1725,852,1355,763
677,1588,410,2054,268,99,483,613,1937,799,255
678,168,1512,1058,1054,1751,1111,376,712,1577,1740
679,301,1721,1183,1118,763,1749,1281,1775,1539,1381
680,1637,92,1869,513,174,31,327,8,498,958
681,1054,1058,1705,1355,1512,1751,1764,1283,582,1010
682,1018,1718,1684,1064,375,806,1933,677,823,861
683,513,327,7,171,1783,799,2034,410,1588,1869
684,823,1214,1933,861,1156,444,1995,1541,1581,513
685,823,1933,1214,444,1156,1995,861,1541,958,31
686,1480,172,991,944,1937,174,2043,513,227,871
687,327,513,7,171,1783,799,727,2034,410,1869
688,174,1511,1969,1869,798,571,934,195,205,156
689,1480,791,944,991,1447,871,1750,2068,591,1933
690,1637,498,35,92,74,31,1796,1993,8,357
691,888,990,846,2012,1276,942,1652,1770,236,1488
692,671,1289,474,1405,819,1183,1672,200,731,358
693,958,31,92,823,1933,1796,1214,1637,8,35
694,174,1869,958,92,1447,591,1581,31,1933,1969
695,168,93,221,727,1833,749,14,1721,1111,1725
696,1833,93,1118,1058,1281,1961,1751,1143,1054,1381
697,1933,823,1214,444,1995,861,1156,958,1541,74
698,1010,1054,1355,582,1751,1058,1705,1283,1764,1512
699,513,799,2034,7,171,327,1783,1581,823,410
700,513,327,410,1588,1783,799,7,171,2034,1581
701,1796,357,456,1637,92,31,1993,8,498,74
702,168,1833,14,799,727,7,93,749,221,1725
703,1156,1995,823,1322,6,1440,861,1699,1541,1640
704,1058,1283,1751,1512,1705,1764,582,1054,1355,561
705,1447,174,591,944,1480,1750,804,991,1284,1567
706,92,1197,498,1637,31,357,456,74,1796,35
707,43,712,609,1869,483,174,99,1781,1937,613
708,205,1969,195,1511,798,193,23,1384,934,794
709,168,1281,1775,1783,93,711,7,1118,1143,1381
710,958,31,1933,1637,823,444,1214,74,35,1796
711,31,1933,357,823,8,1214,1197,1796,74,1637
712,1511,934,1969,1384,193,174,156,205,262,23
713,1588,327,513,410,174,171,799,1783,7,2034
714,174,1869,7,1783,513,327,799,6,561,1440
715,6,1699,1322,1621,1440,410,1640,513,1937,7
716,174,1447,591,823,1869,1933,1214,434,444,513
717,991,1750,1480,2068,791,944,871,1404,528,172
718,958,498,31,92,1637,1993,823,35,456,74
719,648,109,171,1961,1783,1725,7,299,1035,513
720,823,1933,1214,174,1581,410,99,444,1541,861
721,513,327,7,1783,171,799,2034,1588,410,364
722,823,1933,444,861,1214,1995,1156,1541,1064,1018
723,944,1480,791,991,2068,1447,871,1750,591,174
724,172,1851,729,1480,2043,2065,1035,1793,679,521
725,1581,513,174,1869,327,2034,1447,591,171,7
726,1387,1951,1779,1009,117,740,1064,806,375,1018
727,1833,648,727,712,171,93,43,1058,1705,1721
728,327,171,1023,7,43,221,1783,1381,799,2034
729,174,1869,410,958,1588,1937,513,99,1969,74
730,513,823,1588,99,1937,1933,171,799,410,1581
731,92,1637,31,1197,8,35,1796,498,74,456
732,221,1833,727,14,93,852,1396,1111,749,376
733,958,1404,513,498,92,823,1581,31,327,799
734,1937,513,2054,1869,7,1783,171,1350,327,581
735,1621,561,1699,1440,6,513,1322,171,799,327
736,823,1933,1214,444,1156,1995,861,1541,958,513
737,823,1933,1214,444,1156,1995,861,1541,958,1637
738,513,1793,2065,1800,799,759,327,171,1108,2043
739,861,8,357,35,1796,1637,498,1214,74,1933
740,1937,870,1869,581,561,1588,6,2054,1969,195
741,6,1699,1322,1440,1640,561,1621,465,1915,698
742,1621,1440,1322,1699,561,1640,6,1447,591,7
743,823,1933,1214,861,1995,444,1156,1541,1796,357
744,1447,591,991,944,1480,1796,1581,498,35,791
745,1588,174,561,410,794,1699,1511,193,1969,571
746,410,1588,561,6,513,1322,174,1699,1640,1440
747,1447,591,174,1937,1869,991,513,871,1581,944
748,2054,1869,1937,779,174,1350,7,1447,581,1719
749,174,1869,1447,823,591,1404,1284,1933,697,1214
750,1588,1640,1869,1322,561,1621,958,6,410,1937
751,1404,1937,2054,92,498,958,74,1197,1993,1796
752,1937,1447,591,174,2054,888,1350,942,227,410
753,1322,1440,1869,561,799,1588,174,513,171,1640
754,31,92,1637,35,1796,498,74,958,1993,8
755,944,791,1480,1750,991,871,2068,172,174,528
756,513,31,174,1869,1637,92,823,35,74,327
757,35,174,1993,1869,8,1197,92,31,1796,357
758,513,327,7,799,2034,171,1783,1869,174,1588
759,991,1197,35,1933,92,1480,174,1447,74,1214
760,174,1869,410,35,1197,92,513,327,1588,74
761,168,1833,749,93,727,1721,221,1372,337,763
762,168,1869,174,44,1192,440,2037,1476,301,686
763,958,205,1969,1511,571,1447,262,591,156,92
764,92,35,31,498,1796,1637,8,1197,74,958
765,1637,498,1796,8,92,74,31,456,35,357
766,513,327,171,7,799,2034,1783,1581,410,1588
767,513,327,799,7,2034,171,174,1581,1783,1440
768,823,1214,1933,861,444,1995,1156,1541,1064,1018
769,513,1783,7,171,799,327,1833,2034,364,648
770,1023,696,1567,909,1915,698,113,1586,995,1144
771,410,513,327,1588,171,799,1783,2034,7,1581
772,513,327,171,799,2034,7,1783,958,31,92
773,1637,958,92,31,823,74,444,357,1214,498
774,823,513,327,1214,1995,444,1933,171,861,1156
775,1447,591,7,513,799,171,1621,1440,1322,327
776,513,327,171,7,799,2034,1783,1588,410,1581
777,1869,174,513,799,327,1783,7,171,410,2034
778,168,1740,1577,376,1111,93,727,749,14,221
779,513,171,7,1783,799,327,1588,410,2034,787
780,7,1588,799,2034,513,1783,410,327,171,581
781,1637,525,92,1796,205,498,74,31,1969,456
782,1387,117,1779,1009,740,1951,1637,1993,74,357
783,1933,823,444,1214,861,1995,1156,1541,1796,31
784,174,1937,410,1588,2054,1869,513,171,327,1781
785,513,171,7,327,1783,799,2034,1588,410,1937
786,1933,823,1995,1214,444,861,1156,1541,1684,958
787,168,93,727,14,1833,1725,1740,840,1577,221
788,991,1480,944,174,1447,1750,871,591,791,2068
789,2043,1851,172,729,528,1035,122,521,2065,759
790,410,1350,1588,2054,1937,1640,6,1404,1440,1322
791,1621,1440,1322,513,1699,6,561,7,1640,1783
792,301,1721,8,357,1261,1061,1058,35,456,1492
793,168,1833,14,93,221,727,749,1721,2006,852
794,513,327,171,7,799,2034,1783,1581,823,958
795,174,1869,561,1937,1640,1621,1969,6,581,1447
796,375,1064,1718,174,1018,1404,1684,806,823,1937
797,92,357,74,31,1197,1796,1993,498,8,1637
798,991,1480,944,2068,791,1750,1035,1851,172,871
799,1480,991,1750,1851,2068,172,944,2065,2043,871
800,8,958,92,1637,31,1197,74,1993,498,35
801,301,1721,948,274,1873,1520,670,474,200,65
802,174,1869,1023,591,1144,1447,804,2059,113,1624
803,31,92,1637,35,498,1796,1993,8,74,1197
804,1064,1718,1018,375,1684,806,1480,677,991,1750
805,357,74,8,1993,1387,1796,35,23,498,193
806,410,1588,1869,174,697,958,1937,1447,1581,99
807,513,327,2034,7,799,171,1783,174,1869,410
808,1404,174,6,1699,1201,195,1937,1447,513,1322
809,1447,823,1933,1214,591,888,942,444,92,31
810,43,712,1577,1111,376,1740,1032,1725,68,1066
811,934,1969,205,262,1384,1511,571,195,156,794
812,1197,1637,92,74,35,31,1993,1796,8,174
813,561,1937,1440,1621,1699,6,1640,156,571,1350
814,7,513,171,799,327,1783,2034,1440,1833,1699
815,1480,591,991,1447,174,944,1404,1750,791,2068
816,174,1869,513,1937,799,591,1781,7,410,1201
817,1447,591,1937,410,227,991,1350,791,871,1588
818,513,171,327,410,1588,1783,7,799,2034,1581
819,1649,763,1961,301,224,274,1405,200,1520,1534
820,1322,174,823,1440,6,1621,1447,513,591,1581
821,168,799,840,14,1192,1183,1833,749,7,671
822,92,1637,8,31,74,498,1197,456,35,1993
823,168,749,727,7,1833,799,852,14,93,840
824,1581,1869,92,174,1447,1404,1637,1993,958,35
825,174,823,1581,1404,1156,1214,1869,1933,444,1447
826,823,410,1937,1933,1214,1156,444,1588,2054,861
827,1447,591,1937,1581,2054,227,958,1404,1350,513
828,1440,1322,1621,1699,1640,6,561,861,823,1933
829,168,1058,1751,1054,1764,1355,1705,1512,582,1775
830,1064,1018,375,1684,1718,806,677,1133,1851,172
831,958,31,92,1637,44,8,1796,1993,498,289
832,1064,1684,1718,1018,172,375,1851,2043,521,528
833,195,524,205,1969,1586,23,696,804,113,798
834,168,1833,840,1721,749,7,852,364,1192,93
835,7,799,1783,2034,171,513,327,1511,1719,205
836,168,14,1833,93,727,221,749,420,7,799
837,1637,31,74,92,357,823,1214,8,1993,1796
838,591,1447,1581,991,823,174,1214,1480,944,1156
839,1621,171,1783,1699,1440,7,6,561,1640,2034
840,513,327,2034,7,1783,171,799,1588,410,1833
841,1937,799,2054,327,513,1783,171,7,410,1588
842,92,1197,1993,1637,74,35,8,456,357,31
843,357,1796,8,1637,1993,498,35,74,456,31
844,958,31,327,1637,92,513,35,171,44,799
845,1869,174,513,7,823,1933,799,327,958,410
846,35,410,1588,1993,31,498,960,1581,92,289
847,1058,1054,1705,1621,561,1149,44,1764,582,1751
848,174,1869,1933,1201,444,823,1332,1995,1156,1214
849,991,1480,944,1750,591,791,1447,2068,871,1933
850,991,1480,1404,791,1197,1750,944,410,35,174
851,1933,823,174,1214,444,1541,861,1995,1350,1581
852,1969,205,1511,193,23,934,156,195,1869,794
853,823,1933,444,1214,861,1156,1995,1541,1197,498
854,92,31,74,1796,1197,1637,8,35,1993,498
855,1637,92,456,8,1993,1387,74,1197,1951,1064
856,410,1588,513,327,2034,7,799,1783,591,171
857,1637,92,1197,498,74,1993,35,1796,31,8
858,327,410,1783,1588,513,799,171,7,2034,2054
859,7,1783,513,171,128,799,2034,582,327,1281
860,1923,43,301,1725,712,763,1856,1649,1183,1961
861,255,609,1186,483,1192,440,613,410,671,1539
862,1869,174,513,327,7,1969,171,1511,156,799
863,513,327,7,171,1783,799,823,2034,1933,861
864,1588,410,174,958,1869,1937,513,2013,99,1583
865,168,1833,727,749,1725,14,1111,221,93,852
866,513,327,799,7,171,1783,2034,174,1869,1588
867,513,327,7,171,799,2034,1783,410,1588,99
868,1937,2054,561,6,1322,1640,581,1440,1350,1621
869,1511,195,205,1969,798,193,262,1583,571,1699
870,1404,227,410,2054,1869,679,172,697,1439,594
871,221,727,1833,14,93,1396,852,749,376,1740
872,712,43,609,440,376,255,195,960,483,1192
873,1064,375,806,1018,1718,1684,1480,528,1108,1750
874,1511,1969,205,195,798,571,156,193,262,1384
875,168,799,7,513,648,327,1740,727,14,1783
876,1649,1961,299,763,1577,109,1725,268,1650,168
877,168,93,1833,14,749,727,221,1512,1721,1751
878,1699,1621,6,1440,561,1640,1322,1937,195,2054
879,591,301,1010,1054,1447,1764,1705,1751,1355,903
880,1192,1783,1186,483,171,255,513,609,327,799
881,43,712,609,1588,410,483,1186,440,7,327
882,513,1581,7,327,171,1783,2034,799,823,1156
883,92,8,1637,1197,1796,74,31,1993,456,357
884,1281,168,1118,1751,1775,93,763,1058,711,1143
885,31,92,1637,35,498,958,1796,1993,74,8
886,410,513,1588,799,1937,327,7,171,174,2054
887,513,410,1588,327,799,958,171,823,7,2034
888,561,1322,6,1699,1440,1621,1640,1712,168,1332
889,171,327,513,2034,799,1783,410,7,6,1621
890,1649,1923,1961,763,128,1664,1833,738,1725,364
891,410,174,1588,1937,1869,2054,513,1350,799,327
892,513,7,327,168,1719,1588,410,1783,799,171
893,92,1637,498,74,1197,1937,1993,456,35,8
894,1969,193,205,571,23,798,1511,1447,195,1384
895,513,327,7,171,799,2034,1783,1588,1581,410
896,35,1993,1197,1796,92,74,1637,456,498,31
897,823,1214,1933,444,1995,1156,958,861,1541,92
898,1637,92,74,31,1197,1993,357,1796,8,35
899,174,1869,799,410,2054,7,513,1588,1937,327
900,1775,1118,1281,1381,1749,1143,711,1539,440,128
901,1447,591,1933,1214,823,444,174,804,1156,1144
902,174,1624,1869,531,963,434,719,1214,1692,31
903,1721,1058,1118,301,1775,727,1381,1749,1764,1512
904,498,92,1197,1993,1933,1637,1796,74,1404,823
905,823,1933,1214,1156,1995,444,1541,861,958,31
906,513,327,171,799,7,2034,1783,1937,1588,2054
907,1404,174,1201,1322,1699,6,1440,1621,1581,1332
908,301,1355,1764,1283,582,1512,1751,677,1054,1058
909,327,171,513,799,2034,1783,7,1588,410,1719
910,205,31,1969,1637,1511,92,74,958,35,156
911,92,31,1637,498,35,8,1796,74,1197,1993
912,513,171,7,327,799,1783,609,2034,483,1192
913,591,1447,1322,6,1621,1440,561,1699,1640,513
914,6,1621,1699,1440,1322,561,1640,1447,591,1969
915,1933,823,1214,1995,1156,444,861,1541,74,1637
916,513,327,7,171,799,1783,2034,1588,410,1581
917,168,14,749,1372,93,727,1833,1207,1721,763
918,1447,591,571,1621,156,6,1699,561,1440,1511
919,7,1937,327,799,1783,171,2034,513,2054,1350
920,591,1969,1447,1511,262,1144,571,174,195,205
921,513,327,171,7,799,1783,2034,1588,410,1937
922,1833,221,14,727,93,852,1396,749,1118,1703
923,1869,174,1781,1937,1350,1581,2054,581,870,99
924,1511,193,195,205,1969,934,798,156,571,23
925,513,7,1783,171,2034,327,799,410,1869,1781
926,1118,1775,1322,711,1699,6,1621,1440,1143,1749
927,364,1775,1118,376,1740,711,1111,109,43,712
928,168,1539,1118,301,1721,1381,1749,1143,1281,712
929,1833,727,861,1705,357,823,1058,749,1725,444
930,958,823,1933,174,513,1214,31,1404,1581,1197
931,513,1783,171,7,799,327,2034,1588,410,1581
932,1869,174,7,171,1783,327,99,1588,1781,513
933,1064,1018,375,1718,677,1133,1447,1684,806,434
934,168,376,749,1577,14,1111,727,1833,93,1740
935,513,7,1783,410,171,1588,327,799,174,2034
936,513,174,1869,327,799,2034,7,171,823,1783
937,1387,117,740,1009,1779,1588,1951,1725,410,378
938,591,1447,871,991,2068,1480,1750,791,944,677
939,1833,727,221,171,327,7,93,1783,1725,14
940,513,1322,1783,1621,1699,6,799,171,7,561
941,1064,1684,122,2065,806,1018,621,1718,677,375
942,1143,1118,1281,1381,1775,711,1058,1539,1749,1054
943,1440,174,561,6,1869,1322,1699,1640,1621,1447
944,1440,1699,1621,1322,6,1640,561,195,1969,193
945,174,991,1480,944,1869,791,1750,871,591,1447
946,174,591,1447,35,1581,1869,1197,1993,1796,92
947,513,327,7,171,1783,799,2034,174,1588,410
948,1387,958,740,1779,1009,1951,117,92,498,444
949,561,1322,1621,6,1440,1699,1640,1511,1969,571
950,823,1933,174,444,1214,1995,1541,1156,861,1869
951,1923,95,1725,1664,403,1951,1958,299,738,117
952,364,171,327,513,7,1783,799,301,697,2034
953,1869,174,327,513,7,171,799,1783,2034,1781
954,1933,823,1214,444,1995,1156,861,1541,1637,31
955,410,1588,1948,697,1440,6,870,1699,195,794
956,195,193,571,798,1511,262,1969,205,1384,23
957,1404,1581,958,1937,410,174,92,1447,2054,1197
958,1637,31,92,1197,35,1796,74,1993,357,8
959,1512,1751,1764,1054,1355,1010,1705,1058,1283,582
960,1581,1937,1869,174,1781,1350,1509,513,2054,965
961,168,1833,727,221,14,93,1719,7,1783,513
962,6,1621,1699,1322,561,1640,1440,43,168,712
963,888,942,1770,1276,1488,990,2012,1652,1522,846
964,958,410,1937,174,1588,1869,1933,697,823,92
965,1637,92,31,74,1796,1197,357,1993,498,8
966,168,749,1065,1833,14,958,1869,763,1372,93
967,168,727,1833,7,749,14,799,221,1869,513
968,168,1111,1833,727,1740,376,749,7,14,1512
969,1637,92,498,1993,31,74,456,8,35,357
970,1511,23,156,193,798,1384,205,174,571,195
971,823,44,327,1933,1541,1214,1995,513,2034,7
972,727,1833,14,221,93,852,1396,749,168,1111
973,1856,1725,671,1779,1649,763,738,1961,1289,1009
974,1637,31,92,8,74,498,1993,1796,1197,35
975,1064,375,1018,1718,806,1684,677,1133,903,1194
976,513,7,799,327,2034,1783,171,1869,174,1581
977,31,92,1637,8,74,35,1796,1993,498,1197
978,1833,1961,546,221,93,1649,14,1183,763,274
979,1637,31,1993,8,1796,74,498,35,357,92
980,958,31,1637,92,44,1993,8,289,74,1796
981,1933,861,1214,823,1156,174,444,1995,1869,6
982,168,727,93,7,1833,799,14,221,852,541
983,168,7,171,327,1783,513,799,2034,364,648
984,1869,174,823,1933,958,1214,861,1581,1156,444
985,2054,1350,1937,1775,1281,1381,711,852,1118,1749
986,6,1699,1440,1621,1322,1640,561,1022,1915,2059
987,513,327,7,171,799,2034,1783,1588,410,1937
988,93,1118,727,1775,1749,1143,1539,1281,221,14
989,958,92,31,1637,498,8,35,1796,1993,74
990,174,1869,410,513,1588,1511,1581,327,156,571
991,1064,1718,1018,991,375,1684,1750,806,1480,791
992,1018,1064,1933,823,375,861,1684,1214,1718,444
993,174,1869,1350,1480,944,2054,991,1937,871,677
994,727,1833,1937,1637,221,1396,1958,2054,1796,456
995,1447,1684,591,327,2034,375,1064,1718,99,1018
996,738,95,1923,1725,1664,299,1961,1958,109,403
997,1064,375,1718,1018,1684,861,823,677,1933,444
998,513,1581,799,2034,327,7,823,1783,171,1937
999,168,93,749,763,1725,1833,1721,166,840,1577
1000,1118,1143,711,1281,1775,1749,1381,1539,1355,1588
